{
"type": "FeatureCollection",
"name": "canal_elevation",
"crs": { "type": "name", "properties": { "name": "urn:ogc:def:crs:OGC:1.3:CRS84" } },
"features": [
{"type":"Feature","properties":{"elevation_m":1.9,"elevation_ft":6.0,"distance_start_m":0,"distance_end_m":1123,"lock_start":null,"lock_end":"FC Lock 28"},"geometry":{"type":"LineString","coordinates":[[-72.916810974952327,41.295466322196816],[-72.917077137643076,41.2956179338561],[-72.917343300333812,41.295769545515384],[-72.917609463024561,41.295921157174675],[-72.917875625715311,41.296072768833959],[-72.918141788406047,41.296224380493243],[-72.918407951096796,41.296375992152527],[-72.918657268047625,41.296530972959793],[-72.918906584998439,41.296685953767067],[-72.919155901949267,41.296840934574334],[-72.919405218900096,41.296995915381601],[-72.91965453585091,41.297150896188874],[-72.919903852801738,41.297305876996141],[-72.920153169752567,41.297460857803408],[-72.920402486703381,41.297615838610682],[-72.920651803654209,41.297770819417948],[-72.920865625996058,41.297943496880364],[-72.921079448337892,41.29811617434278],[-72.92129327067974,41.298288851805189],[-72.921507093021575,41.298461529267605],[-72.921720915363423,41.298634206730021],[-72.921875338552411,41.29884214093952],[-72.922029761741399,41.299050075149026],[-72.922184184930387,41.299258009358525],[-72.922338608119389,41.299465943568023],[-72.922493031308377,41.299673877777529],[-72.922647454497366,41.299881811987028],[-72.922801877686354,41.300089746196534],[-72.922956300875342,41.300297680406032],[-72.92299673065115,41.300552893365833],[-72.923037160426958,41.300808106325626],[-72.923077590202766,41.301063319285419],[-72.923118019978574,41.301318532245219],[-72.923158449754396,41.301573745205019],[-72.923198879530204,41.301828958164812],[-72.923239309306013,41.302084171124605],[-72.923279739081821,41.302339384084405],[-72.923206965485363,41.302586005716847],[-72.923134191888906,41.302832627349282],[-72.923061418292448,41.303079248981724],[-72.922988644695991,41.303325870614159],[-72.922915871099534,41.303572492246602]]}},
{"type":"Feature","properties":{"elevation_m":4.6,"elevation_ft":15.0,"distance_start_m":1123,"distance_end_m":1722,"lock_start":"FC Lock 28","lock_end":"FC Lock 27"},"geometry":{"type":"LineString","coordinates":[[-72.922915871099534,41.303572492246602],[-72.922779420606176,41.303820124623435],[-72.922642970112818,41.304067757000269],[-72.922506519619461,41.304315389377095],[-72.922370069126103,41.304563021753928],[-72.922225195762792,41.304775278076931],[-72.922080322399466,41.304987534399928],[-72.921935449036141,41.305199790722924],[-72.92179057567283,41.305412047045927],[-72.921645702309519,41.30562430336893],[-72.921500828946193,41.305836559691926],[-72.921398491076175,41.306047805270495],[-72.921296153206171,41.306259050849064],[-72.921193815336153,41.306470296427641],[-72.921091477466149,41.30668154200621],[-72.920989139596131,41.306892787584779],[-72.920889749730605,41.307113466777743],[-72.920790359865066,41.3073341459707],[-72.920690969999541,41.307554825163663],[-72.920602277178858,41.307813575728872],[-72.920513584358176,41.308072326294088],[-72.920424891537479,41.308331076859297],[-72.920336198716797,41.308589827424512]]}},
{"type":"Feature","properties":{"elevation_m":6.7,"elevation_ft":22.0,"distance_start_m":1722,"distance_end_m":2139,"lock_start":"FC Lock 27","lock_end":"FC Lock 26"},"geometry":{"type":"LineString","coordinates":[[-72.920336198716797,41.308589827424512],[-72.920247505896114,41.308848577989721],[-72.920234029304183,41.309097894940543],[-72.920220552712237,41.309347211891371],[-72.920207076120306,41.309596528842192],[-72.920358687779583,41.309818892609144],[-72.920510299438874,41.310041256376095],[-72.920672018542106,41.310196237183362],[-72.920833737645353,41.310351217990636],[-72.920995456748585,41.310506198797903],[-72.921217820515537,41.310663874923563],[-72.921440184282488,41.310821551049216],[-72.92166254804944,41.310979227174876],[-72.921884911816392,41.311136903300529],[-72.922107275583343,41.311294579426189],[-72.922349854238192,41.311463036825394],[-72.922592432893055,41.311631494224599]]}},
{"type":"Feature","properties":{"elevation_m":8.4,"elevation_ft":28.0,"distance_start_m":2139,"distance_end_m":2710,"lock_start":"FC Lock 26","lock_end":"FC Lock 25"},"geometry":{"type":"LineString","coordinates":[[-72.922592432893055,41.311631494224599],[-72.922835011547903,41.311799951623804],[-72.923051599632601,41.311981885614948],[-72.923268187717298,41.312163819606084],[-72.923484775801995,41.312345753597228],[-72.923701363886678,41.312527687588371],[-72.923917951971376,41.312709621579515],[-72.924134540056073,41.312891555570651],[-72.924351128140771,41.313073489561795],[-72.924566753611757,41.313268900144877],[-72.924782379082743,41.313464310727952],[-72.924998004553714,41.313659721311026],[-72.9252136300247,41.313855131894108],[-72.925429255495686,41.31405054247719],[-72.925644880966672,41.314245953060265],[-72.92582970279895,41.314436550574797],[-72.926014524631213,41.314627148089322],[-72.926199346463491,41.314817745603854],[-72.926384168295755,41.315008343118386],[-72.926568990128033,41.315198940632918],[-72.926753811960296,41.315389538147443],[-72.926938633792574,41.315580135661975]]}},
{"type":"Feature","properties":{"elevation_m":11.4,"elevation_ft":37.0,"distance_start_m":2710,"distance_end_m":3459,"lock_start":"FC Lock 25","lock_end":"FC Lock 24"},"geometry":{"type":"LineString","coordinates":[[-72.926938633792574,41.315580135661975],[-72.927059923119998,41.315825241177819],[-72.927181212447437,41.316070346693664],[-72.927302501774861,41.316315452209508],[-72.927423791102285,41.316560557725353],[-72.927545080429709,41.31680566324119],[-72.927666369757134,41.317050768757035],[-72.927787659084572,41.31729587427288],[-72.927908948411996,41.317540979788724],[-72.928023499443455,41.317788612165558],[-72.928138050474914,41.318036244542391],[-72.928252601506372,41.318283876919224],[-72.928367152537831,41.318531509296051],[-72.92848170356929,41.318779141672884],[-72.928596254600762,41.319026774049718],[-72.928710805632221,41.319274406426551],[-72.92882535666368,41.319522038803385],[-72.928939907695138,41.319769671180211],[-72.929054458726597,41.320017303557044],[-72.929169009758056,41.320264935933878],[-72.929283560789514,41.320512568310711],[-72.929386656717824,41.320751103987988],[-72.929489752646148,41.320989639665264],[-72.929592848574458,41.32122817534254],[-72.929695944502768,41.321466711019816],[-72.929799040431078,41.321705246697093],[-72.929902136359402,41.321943782374362]]}},
{"type":"Feature","properties":{"elevation_m":14.4,"elevation_ft":47.0,"distance_start_m":3459,"distance_end_m":3655,"lock_start":"FC Lock 24","lock_end":"FC Lock 23"},"geometry":{"type":"LineString","coordinates":[[-72.929902136359402,41.321943782374362],[-72.930005232287712,41.322182318051638],[-72.930108328216022,41.322420853728914],[-72.930211424144346,41.322659389406191],[-72.930314520072656,41.322897925083467],[-72.930421658978545,41.323138482249533],[-72.930528797884449,41.323379039415599],[-72.930635936790338,41.323619596581665]]}},
{"type":"Feature","properties":{"elevation_m":16.8,"elevation_ft":55.0,"distance_start_m":3655,"distance_end_m":4261,"lock_start":"FC Lock 23","lock_end":"FC Lock 22"},"geometry":{"type":"LineString","coordinates":[[-72.930635936790338,41.323619596581665],[-72.930743075696228,41.323860153747731],[-72.930850214602117,41.324100710913797],[-72.93095735350802,41.324341268079863],[-72.93106449241391,41.324581825245929],[-72.931171631319799,41.324822382411995],[-72.931278770225703,41.325062939578061],[-72.931385909131592,41.325303496744127],[-72.931489005059902,41.325552139865351],[-72.931592100988226,41.325800782986583],[-72.931695196916536,41.326049426107808],[-72.931798292844846,41.326298069229033],[-72.931901388773156,41.326546712350265],[-72.93200448470148,41.326795355471489],[-72.93210758062979,41.327043998592714],[-72.9322106765581,41.327292641713939],[-72.932313772486424,41.327541284835171],[-72.932416868414734,41.327789927956395],[-72.932534114764579,41.328044635543996],[-72.932651361114424,41.328299343131597],[-72.932768607464283,41.328554050719191],[-72.932885853814128,41.328808758306792]]}},
{"type":"Feature","properties":{"elevation_m":18.9,"elevation_ft":62.0,"distance_start_m":4261,"distance_end_m":6132,"lock_start":"FC Lock 22","lock_end":"FC Lock 21"},"geometry":{"type":"LineString","coordinates":[[-72.932885853814128,41.328808758306792],[-72.933003100163972,41.329063465894393],[-72.933120346513817,41.3292959371053],[-72.933237592863662,41.3295284083162],[-72.933354839213507,41.329760879527107],[-72.933472085563352,41.329993350738015],[-72.933589331913197,41.330225821948915],[-72.933706578263056,41.330458293159822],[-72.933823824612901,41.330690764370729],[-72.933941070962746,41.330923235581636],[-72.934058317312591,41.331155706792536],[-72.934175563662436,41.331388178003444],[-72.934225323386514,41.331652526537582],[-72.934275083110577,41.33191687507172],[-72.934324842834656,41.332181223605858],[-72.934374602558719,41.332445572139996],[-72.934424362282797,41.332709920674134],[-72.934474122006876,41.332974269208272],[-72.934523881730939,41.33323861774241],[-72.934573641455017,41.333502966276548],[-72.934623401179095,41.333767314810686],[-72.934673160903159,41.334031663344824],[-72.934722920627237,41.334296011878962],[-72.934772680351301,41.3345603604131],[-72.934822440075379,41.334824708947238],[-72.93480689016161,41.335092167464133],[-72.934791340247841,41.33535962598102],[-72.934775790334058,41.335627084497915],[-72.934760240420289,41.33589454301481],[-72.93474469050652,41.336162001531697],[-72.934729140592751,41.336429460048592],[-72.934713590678967,41.336696918565487],[-72.934698040765198,41.336964377082381],[-72.934682490851429,41.337231835599269],[-72.93466694093766,41.337499294116164],[-72.934651391023877,41.337766752633058],[-72.934635841110108,41.338034211149946],[-72.934620291196339,41.338301669666841],[-72.934572462383997,41.338564184179987],[-72.934524633571655,41.33882669869314],[-72.934476804759313,41.339089213206286],[-72.934428975946972,41.339351727719432],[-72.93438114713463,41.339614242232578],[-72.934333318322288,41.339876756745731],[-72.934285489509946,41.340139271258877],[-72.934237660697605,41.340401785772023],[-72.934189831885263,41.340664300285177],[-72.934142003072921,41.340926814798323],[-72.934094174260593,41.341189329311469],[-72.934046345448252,41.341451843824615],[-72.93399851663591,41.341714358337768],[-72.933950687823568,41.341976872850914],[-72.933902859011226,41.34223938736406],[-72.933855030198885,41.342501901877213],[-72.933807201386543,41.342764416390359],[-72.933759372574201,41.343026930903505],[-72.933711543761859,41.343289445416652],[-72.933663714949517,41.343551959929805],[-72.933615886137176,41.343814474442951],[-72.933512401402695,41.344064352216442],[-72.933408916668228,41.344314229989941],[-72.933305431933746,41.344564107763432],[-72.933201947199265,41.344813985536923],[-72.933098462464784,41.345063863310422],[-72.932994977730317,41.345313741083913]]}},
{"type":"Feature","properties":{"elevation_m":21.3,"elevation_ft":70.0,"distance_start_m":6132,"distance_end_m":7482,"lock_start":"FC Lock 21","lock_end":"FC Lock 20"},"geometry":{"type":"LineString","coordinates":[[-72.932994977730317,41.345313741083913],[-72.932891492995836,41.345563618857412],[-72.932788008261355,41.345813496630903],[-72.932684523526873,41.346063374404395],[-72.932581038792407,41.346313252177893],[-72.932477554057925,41.346563129951384],[-72.932374069323444,41.346813007724876],[-72.932270584588963,41.347062885498374],[-72.932167099854496,41.347312763271866],[-72.932063615120015,41.347562641045364],[-72.931960130385534,41.347812518818856],[-72.931856645651052,41.348062396592347],[-72.931753160916585,41.348312274365846],[-72.931649676182104,41.348562152139337],[-72.931563994187314,41.348810246273509],[-72.931478312192525,41.349058340407673],[-72.931392630197735,41.349306434541845],[-72.931306948202945,41.349554528676016],[-72.931221266208155,41.349802622810181],[-72.931135584213365,41.350050716944352],[-72.931049902218575,41.350298811078524],[-72.930964220223771,41.350546905212688],[-72.930878538228981,41.35079499934686],[-72.930792856234191,41.351043093481032],[-72.930707174239402,41.351291187615196],[-72.930621492244612,41.351539281749368],[-72.930535810249822,41.351787375883539],[-72.930450128255032,41.352035470017704],[-72.930364446260242,41.352283564151875],[-72.930194543797228,41.352500052774104],[-72.930024641334214,41.35271654139634],[-72.9298547388712,41.352933030018569],[-72.929684836408171,41.353149518640798],[-72.929514933945157,41.353366007263027],[-72.929345031482143,41.353582495885263],[-72.929175129019129,41.353798984507492],[-72.92898773039677,41.354020321463032],[-72.928800331774411,41.35424165841858],[-72.928612933152053,41.354462995374121],[-72.928425534529694,41.354684332329668],[-72.928238135907336,41.354905669285209],[-72.928050737284977,41.355127006240757],[-72.927863338662604,41.355348343196297],[-72.927675940040245,41.355569680151845],[-72.927488541417887,41.355791017107386],[-72.927301142795528,41.356012354062933],[-72.92711374417317,41.356233691018474],[-72.926926345550811,41.356455027974022]]}},
{"type":"Feature","properties":{"elevation_m":22.8,"elevation_ft":75.0,"distance_start_m":7482,"distance_end_m":9006,"lock_start":"FC Lock 20","lock_end":"FC Lock 19"},"geometry":{"type":"LineString","coordinates":[[-72.926926345550811,41.356455027974022],[-72.926738946928452,41.356676364929562],[-72.926573497554187,41.356913748814385],[-72.926408048179923,41.357151132699201],[-72.926242598805644,41.357388516584024],[-72.926077149431379,41.357625900468847],[-72.925942871678345,41.357873355185141],[-72.925808593925325,41.358120809901436],[-72.925674316172291,41.358368264617738],[-72.925540038419271,41.358615719334033],[-72.925405760666237,41.358863174050327],[-72.925271482913203,41.359102955752164],[-72.925137205160169,41.359342737454],[-72.925002927407135,41.359582519155843],[-72.924868649654115,41.35982230085768],[-72.924734371901081,41.360062082559516],[-72.924600094148047,41.360301864261359],[-72.924465816395013,41.360541645963195],[-72.924331538641979,41.360781427665032],[-72.924200646042394,41.361024594520309],[-72.924069753442794,41.361267761375586],[-72.923938860843208,41.361510928230857],[-72.923807968243608,41.361754095086134],[-72.923677075644022,41.361997261941411],[-72.923546183044436,41.362240428796689],[-72.923415290444837,41.362483595651966],[-72.923284397845251,41.362726762507243],[-72.923153505245651,41.362969929362514],[-72.923022612646065,41.363213096217791],[-72.922891720046465,41.363456263073068],[-72.922760827446879,41.363699429928346],[-72.922629934847293,41.363942596783623],[-72.922499042247694,41.364185763638901],[-72.922368149648108,41.364428930494171],[-72.922237257048508,41.364672097349448],[-72.922106364448922,41.364915264204726],[-72.921966855095121,41.365143710771569],[-72.921827345741335,41.365372157338413],[-72.921687836387534,41.36560060390525],[-72.921548327033733,41.365829050472094],[-72.921408817679932,41.366057497038938],[-72.921269308326146,41.366285943605781],[-72.921129798972345,41.366514390172625],[-72.920990289618544,41.366742836739469],[-72.920850780264743,41.366971283306306],[-72.920711270910957,41.36719972987315],[-72.920571761557156,41.367428176439994],[-72.920440680893478,41.367655169784399],[-72.920309600229814,41.367882163128805],[-72.92017851956615,41.36810915647321],[-72.920047438902472,41.368336149817623],[-72.919916358238794,41.368563143162028],[-72.91978527757513,41.368790136506433],[-72.919645519097486,41.36901758657789]]}},
{"type":"Feature","properties":{"elevation_m":25.8,"elevation_ft":85.0,"distance_start_m":9006,"distance_end_m":11884,"lock_start":"FC Lock 19","lock_end":"FC Lock 18"},"geometry":{"type":"LineString","coordinates":[[-72.919645519097486,41.36901758657789],[-72.919505760619828,41.369245036649353],[-72.919366002142183,41.369472486720809],[-72.919226243664539,41.369699936792273],[-72.919086485186895,41.369927386863729],[-72.918946726709237,41.370154836935193],[-72.918806968231593,41.370382287006649],[-72.918647113763697,41.370623667253163],[-72.918487259295816,41.370865047499684],[-72.91832740482792,41.371106427746199],[-72.918167550360025,41.371347807992713],[-72.918007695892143,41.371589188239234],[-72.917847841424248,41.371830568485748],[-72.917705342584298,41.372040206202215],[-72.917562843744349,41.372249843918681],[-72.9174203449044,41.372459481635147],[-72.917277846064465,41.372669119351606],[-72.917135347224516,41.372878757068072],[-72.916992848384567,41.373088394784538],[-72.916850349544617,41.373298032501005],[-72.916687297987366,41.373499449130549],[-72.916524246430114,41.373700865760092],[-72.916361194872863,41.373902282389636],[-72.916198143315611,41.37410369901918],[-72.91605427429451,41.374314706916799],[-72.915910405273408,41.374525714814418],[-72.915766536252306,41.374736722712036],[-72.915622667231204,41.374947730609655],[-72.915512367648361,41.375168329775349],[-72.915402068065518,41.375388928941042],[-72.915291768482675,41.375609528106736],[-72.915181468899831,41.37583012727243],[-72.915104738755247,41.376055522072157],[-72.915028008610648,41.376280916871885],[-72.914992840627718,41.376472742233354],[-72.914957672644775,41.37666456759483],[-72.914922504661845,41.376856392956299],[-72.914874548321478,41.377064203764554],[-72.914826591981111,41.377272014572817],[-72.914778635640744,41.377479825381073],[-72.914623576806875,41.377678844193589],[-72.914468517973006,41.377877863006098],[-72.914313459139123,41.378076881818615],[-72.914158400305254,41.378275900631131],[-72.914003341471386,41.37847491944364],[-72.913848282637517,41.378673938256156],[-72.913674440903691,41.378874155977194],[-72.913500599169851,41.379074373698231],[-72.91332675743601,41.379274591419261],[-72.913152915702184,41.379474809140298],[-72.912979073968359,41.379675026861335],[-72.912805232234518,41.379875244582365],[-72.912631390500678,41.380075462303402],[-72.912457548766852,41.38027568002444],[-72.912199954710033,41.380442157034587],[-72.911942360653214,41.380608634044727],[-72.911684766596395,41.380775111054874],[-72.911427172539575,41.380941588065014],[-72.911169578482756,41.381108065075161],[-72.910911984425937,41.381274542085301],[-72.910654390369118,41.381441019095448],[-72.910424199935349,41.38159767647398],[-72.910194009501595,41.38175433385252],[-72.909963819067826,41.381910991231052],[-72.909719241731949,41.382042871167066],[-72.909474664396072,41.382174751103079],[-72.909230087060209,41.382306631039086],[-72.908985509724332,41.382438510975099],[-72.908736136754413,41.382558401826017],[-72.908486763784509,41.382678292676935],[-72.908237390814591,41.382798183527854],[-72.907988017844673,41.382918074378772],[-72.907855658345255,41.383123327515548],[-72.907723298845838,41.383328580652318],[-72.907590939346434,41.383533833789095],[-72.907458579847017,41.383739086925864],[-72.907326220347599,41.383944340062641],[-72.907212084257509,41.384192753905729],[-72.907097948167419,41.384441167748818],[-72.906983812077314,41.3846895815919],[-72.906869675987224,41.384937995434989],[-72.906755539897134,41.385186409278077],[-72.90659488615691,41.385308697946016],[-72.906434232416672,41.385430986613954],[-72.90624480487223,41.385522103660662],[-72.906055377327789,41.385613220707363],[-72.905877938868429,41.385687553034934],[-72.905700500409068,41.385761885362506],[-72.905479901243382,41.385821830787961],[-72.905259302077695,41.385881776213424],[-72.905072272350253,41.385932130370804],[-72.904885242622825,41.385982484528192],[-72.904633471835893,41.385982484528192],[-72.904381701048962,41.385982484528192],[-72.9040963608238,41.385960904175064],[-72.903811020598638,41.38593932382193],[-72.903500902930929,41.385907352928342],[-72.903190785263206,41.385875382034762],[-72.902880667595497,41.385843411141174],[-72.902573747017101,41.385934528187846],[-72.902266826438705,41.386025645234518],[-72.901986281847599,41.386159922987574],[-72.901705737256506,41.386294200740629],[-72.901542685699255,41.386499453877406],[-72.901379634142003,41.386704707014182],[-72.901216582584752,41.386909960150952],[-72.9010535310275,41.387115213287728],[-72.900890479470249,41.387320466424505],[-72.900756201717215,41.387545861224233],[-72.900621923964195,41.38777125602396],[-72.900487646211161,41.387996650823688],[-72.900353368458127,41.388222045623422],[-72.900219090705107,41.38844744042315]]}},
{"type":"Feature","properties":{"elevation_m":30.2,"elevation_ft":99.0,"distance_start_m":11884,"distance_end_m":12955,"lock_start":"FC Lock 18","lock_end":"FC Lock 17"},"geometry":{"type":"LineString","coordinates":[[-72.900219090705107,41.38844744042315],[-72.900084812952073,41.388672835222877],[-72.899950535199054,41.388898230022605],[-72.89981625744602,41.389123624822332],[-72.899689652707451,41.389319286691034],[-72.899563047968883,41.389514948559736],[-72.8994364432303,41.38971061042843],[-72.899309838491732,41.389906272297132],[-72.899183233753163,41.390101934165834],[-72.899046558183116,41.390327328965562],[-72.898909882613069,41.390552723765289],[-72.898773207043021,41.390778118565017],[-72.898636531472974,41.391003513364744],[-72.898528972252407,41.391227537983312],[-72.898421413031841,41.391451562601873],[-72.898313853811274,41.39167558722044],[-72.898206294590722,41.391899611839001],[-72.898098735370155,41.392123636457569],[-72.897991176149588,41.39234766107613],[-72.897883616929022,41.392571685694698],[-72.897817676961012,41.3928066717625],[-72.897751736993015,41.393041657830302],[-72.897685797025019,41.393276643898105],[-72.897619857057009,41.393511629965907],[-72.897568303991108,41.393737024765635],[-72.897516750925206,41.393962419565355],[-72.897465197859319,41.394187814365083],[-72.897413644793417,41.39441320916481],[-72.8973848709892,41.394601837436923],[-72.897356097184968,41.394790465709036],[-72.89732732338075,41.394979093981149],[-72.897336914648818,41.395172517887296],[-72.8973465059169,41.39536594179345],[-72.897356097184968,41.395559365699597],[-72.897401998253613,41.395826551024498],[-72.897447899322245,41.3960937363494],[-72.89749380039089,41.396360921674301],[-72.897539701459536,41.396628106999209],[-72.897585602528181,41.39689529232411],[-72.897631503596813,41.397162477649012],[-72.897677404665458,41.397429662973913],[-72.897718966827114,41.397672641765112]]}},
{"type":"Feature","properties":{"elevation_m":32.0,"elevation_ft":105.0,"distance_start_m":12955,"distance_end_m":14432,"lock_start":"FC Lock 17","lock_end":"FC Lock 16"},"geometry":{"type":"LineString","coordinates":[[-72.897718966827114,41.397672641765112],[-72.897760528988755,41.397915620556304],[-72.89780209115041,41.398158599347497],[-72.897843653312066,41.398401578138696],[-72.897885215473707,41.398644556929895],[-72.897926777635362,41.398887535721087],[-72.897997646449483,41.399141704325039],[-72.898068515263589,41.399395872928999],[-72.898139384077709,41.399650041532951],[-72.898210252891815,41.399904210136903],[-72.898281121705935,41.400158378740862],[-72.898351990520041,41.400412547344814],[-72.898422859334161,41.400666715948766],[-72.898493728148267,41.400920884552725],[-72.898564596962387,41.401175053156678],[-72.898656673135889,41.401428262633821],[-72.898748749309405,41.401681472110965],[-72.898840825482907,41.401934681588102],[-72.898932901656423,41.402187891065246],[-72.899024977829924,41.40244110054239],[-72.899074304351444,41.402704175323834],[-72.899123630872964,41.402967250105284],[-72.899172957394484,41.403230324886728],[-72.899222283916004,41.403493399668179],[-72.899271610437523,41.403756474449622],[-72.899320936959043,41.404019549231073],[-72.899370263480563,41.404282624012517],[-72.899383280201505,41.404525831167227],[-72.899396296922447,41.404769038321945],[-72.899409313643389,41.405012245476655],[-72.899422330364317,41.405255452631366],[-72.899435347085259,41.405498659786076],[-72.899448363806201,41.405741866940794],[-72.899461380527143,41.405985074095504],[-72.899550899029165,41.406205673261198],[-72.899640417531188,41.406426272426884],[-72.899729936033197,41.406646871592578],[-72.899819454535219,41.406867470758272],[-72.899908973037242,41.407088069923958],[-72.899998491539264,41.407308669089652],[-72.900086731205533,41.407546532537879],[-72.900174970871817,41.407784395986099],[-72.900263210538085,41.408022259434325],[-72.900351450204369,41.408260122882545],[-72.900439689870637,41.408497986330772],[-72.900535602551372,41.408732972398568],[-72.900631515232106,41.40896795846637],[-72.900727427912841,41.409202944534172],[-72.900823340593575,41.409437930601968],[-72.900914457640269,41.409682507937845],[-72.901005574686963,41.409927085273722],[-72.90109669173367,41.410171662609592],[-72.901187808780364,41.410416239945469],[-72.901264538924949,41.410646430379238]]}},
{"type":"Feature","properties":{"elevation_m":35.6,"elevation_ft":117.0,"distance_start_m":14432,"distance_end_m":16749,"lock_start":"FC Lock 16","lock_end":"FC Lock 15"},"geometry":{"type":"LineString","coordinates":[[-72.901264538924949,41.410646430379238],[-72.901341269069547,41.410876620812999],[-72.901417999214132,41.411106811246768],[-72.901529497705525,41.411357383125207],[-72.901640996196917,41.411607955003646],[-72.90175249468831,41.411858526882078],[-72.901863993179703,41.412109098760517],[-72.901938325507274,41.412315311024102],[-72.902012657834831,41.41252152328768],[-72.902086990162388,41.412727735551258],[-72.90216132248996,41.412933947814842],[-72.902228461366477,41.413125773176318],[-72.902295600242994,41.413317598537787],[-72.902362739119511,41.413480650095039],[-72.902429877996028,41.413643701652283],[-72.902509805229982,41.413899468800913],[-72.902589732463923,41.414155235949536],[-72.902669659697878,41.414411003098166],[-72.902727207306327,41.414583645923486],[-72.902784754914762,41.414756288748812],[-72.90286388287636,41.414976887914506],[-72.902943010837959,41.415197487080192],[-72.90299816062938,41.415346151735335],[-72.903053310420802,41.415494816390478],[-72.903132438382414,41.415696233020022],[-72.903211566344027,41.415897649649565],[-72.903307479024761,41.416118248815252],[-72.903403391705496,41.416338847980946],[-72.903505698564942,41.416540264610489],[-72.903608005424402,41.416741681240033],[-72.903710312283849,41.416943097869577],[-72.903793142919184,41.417114694150982],[-72.90387597355452,41.417286290432394],[-72.903963571402102,41.417535607383222],[-72.904051169249698,41.417784924334043],[-72.90413876709728,41.418034241284872],[-72.904236472388817,41.418273450791744],[-72.904334177680369,41.41851266029861],[-72.904431882971906,41.418751869805483],[-72.904511057949534,41.418982656442395],[-72.904590232927148,41.419213443079308],[-72.904669407904777,41.41944422971622],[-72.904718486962963,41.419633060665916],[-72.904767566021135,41.419821891615605],[-72.90485051834159,41.420004874675442],[-72.904965187725765,41.420175658864622],[-72.905096935528846,41.420375720343372],[-72.905166469091569,41.420516007355914],[-72.905236002654306,41.420656294368456],[-72.905248348015135,41.42086138441951],[-72.905260693375979,41.421066474470557],[-72.905294384855821,41.421261885053639],[-72.90532807633565,41.421457295636714],[-72.905361767815492,41.421652706219795],[-72.905462842255019,41.421861593394809],[-72.905563916694533,41.422070480569829],[-72.90566499113406,41.422279367744842],[-72.905766065573587,41.422501731511794],[-72.905867140013115,41.422724095278745],[-72.905941261268765,41.422906029269889],[-72.906015382524416,41.423087963261025],[-72.906089503780066,41.423269897252169],[-72.906143388721034,41.423400122773536],[-72.906197273661988,41.423530348294904],[-72.906302997207675,41.4237702594178],[-72.906408720753348,41.42401017054069],[-72.906514444299034,41.424250081663587],[-72.906599836393625,41.424372070370147],[-72.906690108036486,41.424491619302579],[-72.90687309109633,41.424691680781329],[-72.907021917318332,41.424824648471471],[-72.90717074354032,41.424957616161613],[-72.907363485696678,41.42510400260948],[-72.907561107401307,41.42522599131604],[-72.907746530235272,41.425347980022593],[-72.907931953069223,41.425469968729153],[-72.908122255451445,41.425584638113321],[-72.908327196478467,41.425731024561188],[-72.908566294343316,41.425921326943417],[-72.9087407381937,41.42607991226194],[-72.908915182044069,41.426238497580464],[-72.909057908830732,41.426425140301497],[-72.909200635617395,41.42661178302253],[-72.909311645340367,41.426814284275409],[-72.909422655063338,41.427016785528295],[-72.909505607383792,41.427253443619009],[-72.909571481285326,41.427482782387337],[-72.909600758574896,41.427692602962615],[-72.909603198349032,41.4279341406016],[-72.909582460268922,41.42816225948286],[-72.909561722188798,41.428390378364121],[-72.909468072626694,41.428640007226896],[-72.909374423064591,41.428889636089671],[-72.909263241181122,41.429109978367833],[-72.909152059297639,41.429330320645995],[-72.909040877414171,41.429550662924157],[-72.908929695530688,41.429771005202319],[-72.908818513647219,41.429991347480481]]}},
{"type":"Feature","properties":{"elevation_m":35.2,"elevation_ft":115.0,"distance_start_m":16749,"distance_end_m":17433,"lock_start":"FC Lock 15","lock_end":"FC Lock 14"},"geometry":{"type":"LineString","coordinates":[[-72.908818513647219,41.429991347480481],[-72.908717439207692,41.430219775713802],[-72.908616364768164,41.43044820394713],[-72.908515290328651,41.43067663218045],[-72.908414215889124,41.430905060413778],[-72.908313141449597,41.431133488647099],[-72.908272711673789,41.431371013579977],[-72.90823228189798,41.431608538512855],[-72.908252496785877,41.431871332055621],[-72.908272711673789,41.432134125598381],[-72.90836367866936,41.432341328199399],[-72.908454645664932,41.432548530800425],[-72.908596149880253,41.432695088737731],[-72.908737654095589,41.432841646675044],[-72.9088825274589,41.433016842370215],[-72.909027400822225,41.433192038065393],[-72.909172274185536,41.433367233760563],[-72.909288509790997,41.433539060307751],[-72.909404745396444,41.433710886854946],[-72.909465390060149,41.433973680397706],[-72.909526034723868,41.434236473940466],[-72.909492343244025,41.434458837707417],[-72.909458651764183,41.434681201474369],[-72.909424960284341,41.434903565241321],[-72.909379476786555,41.43516130506211],[-72.909333993288769,41.435419044882892],[-72.909313778400872,41.435631301205888],[-72.909293563512961,41.435843557528891]]}},
{"type":"Feature","properties":{"elevation_m":37.8,"elevation_ft":124.0,"distance_start_m":17433,"distance_end_m":20091,"lock_start":"FC Lock 14","lock_end":"FC Lock 13"},"geometry":{"type":"LineString","coordinates":[[-72.909293563512961,41.435843557528891],[-72.909298617234938,41.436050760129916],[-72.909303670956916,41.436257962730934],[-72.909343332325733,41.43649728966448],[-72.909382993694535,41.436736616598019],[-72.909422655063352,41.436975943531564],[-72.909473890320115,41.437132089075959],[-72.909537324447513,41.437307752813396],[-72.909612957445589,41.437434621068213],[-72.909776422312362,41.437642001869364],[-72.909970762257771,41.437834723987493],[-72.910107810601659,41.437948183503707],[-72.910244858945546,41.438061643019921],[-72.910374166974492,41.438168993081689],[-72.910496155681045,41.4382641442728],[-72.910693777385674,41.438417850043059],[-72.910837642019345,41.438571014549183],[-72.910981506653002,41.438724179055299],[-72.911163440644145,41.438890951880509],[-72.911345374635289,41.439057724705727],[-72.91149361714659,41.439276719324695],[-72.911641859657891,41.439495713943664],[-72.911790102169192,41.439714708562633],[-72.911936660106505,41.439891588831799],[-72.912083218043819,41.440068469100964],[-72.912229775981118,41.44024534937013],[-72.912376333918431,41.440422229639296],[-72.912501871529741,41.440614530117458],[-72.912627409141038,41.440806830595619],[-72.912752946752349,41.440999131073781],[-72.912821260428018,41.441213017939276],[-72.912889574103701,41.441426904804771],[-72.91295788777937,41.441640791670267],[-72.913006683261983,41.44185549179381],[-72.913055478744596,41.442070191917352],[-72.913101834453087,41.442289771589152],[-72.913148190161579,41.442509351260952],[-72.913200645305409,41.44269355420785],[-72.913253100449239,41.442877757154747],[-72.913317562520461,41.443128207075048],[-72.91338202459167,41.443378656995357],[-72.913409054050362,41.443552727773877],[-72.913436083509069,41.44372679855239],[-72.913487318765817,41.443902462289834],[-72.913530014813119,41.444083005575536],[-72.913572710860407,41.444263548861244],[-72.913616345080385,41.444442710731366],[-72.913659979300363,41.444621872601495],[-72.913707989659144,41.44477095739979],[-72.913756000017912,41.444920042198085],[-72.913852020735447,41.445137352243066],[-72.913921576429686,41.445325032729727],[-72.913991132123911,41.445512713216381],[-72.914083843540894,41.44574286524275],[-72.914176554957876,41.445973017269118],[-72.914269266374859,41.446203169295487],[-72.91435628498553,41.446399164484021],[-72.914443303596215,41.446595159672555],[-72.914530322206886,41.446791154861089],[-72.914612054640287,41.446994876001035],[-72.914693787073674,41.447198597140982],[-72.914797324048351,41.447428170852369],[-72.914900861023028,41.447657744563763],[-72.915004397997691,41.44788731827515],[-72.915107934972369,41.448116891986544],[-72.915211471947046,41.448346465697931],[-72.915312546386559,41.44858778092231],[-72.915413620826087,41.448829096146696],[-72.915487983745209,41.449071488729686],[-72.915562346664331,41.449313881312669],[-72.915607482485768,41.449471246744125],[-72.915652618307192,41.449628612175587],[-72.915686775145019,41.449860390718044],[-72.915681895596762,41.450077530615715],[-72.915634320001203,41.450289790965115],[-72.915586744405644,41.450502051314523],[-72.915534289261814,41.450733829856979],[-72.915481834117998,41.450965608399436],[-72.915425719312992,41.451204706264285],[-72.915379363604501,41.451366951244005],[-72.91533300789601,41.451529196223724],[-72.915317149364142,41.451682901993991],[-72.915301290832289,41.45183660776425],[-72.915319589138278,41.451976894776791],[-72.915337887444267,41.452117181789326],[-72.915394002249272,41.452346520557654],[-72.91543669829656,41.452488027457264],[-72.915479394343862,41.452629534356873],[-72.915529409713557,41.452799098658986],[-72.915579425083251,41.452968662961105],[-72.915644079097717,41.453135787489089],[-72.915708733112197,41.453302912017065],[-72.91578924565853,41.453521271801804],[-72.915869758204863,41.453739631586544],[-72.915952710525318,41.453988488547914],[-72.916067379909478,41.4541909898008],[-72.916166800705312,41.454342255796931],[-72.916266221501147,41.454493521793061],[-72.916373088832103,41.454701122738541],[-72.916479956163045,41.454908723684028],[-72.916485009885022,41.454918831127983],[-72.916533020243804,41.45509318453616],[-72.916581030602572,41.455267537944337],[-72.916564184862665,41.455456210231446],[-72.916547339122744,41.455644882518556],[-72.916530493382837,41.455833554805665],[-72.916537231678802,41.456027280814752],[-72.916543969974768,41.456221006823839],[-72.916550708270734,41.456414732832926],[-72.916634094683346,41.456589086241102],[-72.916717481095958,41.456763439649279],[-72.916842139571372,41.456960534806349],[-72.916966798046772,41.457157629963426],[-72.917091456522186,41.457354725120496],[-72.917260756208393,41.457592250053374],[-72.917430055894599,41.457829774986251],[-72.917502703147889,41.457960540042308],[-72.917575350401179,41.458091305098371],[-72.917639153641232,41.458220806724086],[-72.9177029568813,41.4583503083498]]}},
{"type":"Feature","properties":{"elevation_m":41.1,"elevation_ft":135.0,"distance_start_m":20091,"distance_end_m":22096,"lock_start":"FC Lock 13","lock_end":"FC Lock 12"},"geometry":{"type":"LineString","coordinates":[[-72.9177029568813,41.4583503083498],[-72.917786343293912,41.458600467587615],[-72.917869729706524,41.458850626825438],[-72.917927005222253,41.459064567722429],[-72.917984280737969,41.459278508619427],[-72.918041556253698,41.459492449516418],[-72.918081986029506,41.459727447588307],[-72.918122415805314,41.459962445660196],[-72.918140103832229,41.460134272207384],[-72.918157791859144,41.460306098754572],[-72.918165372442104,41.460467817857811],[-72.918172953025078,41.460629536961051],[-72.918185587330015,41.46082663211812],[-72.918198221634952,41.46102372727519],[-72.918236124549779,41.461213241849293],[-72.918274027464605,41.461402756423404],[-72.918344779572266,41.461640281356281],[-72.918402897374989,41.461776731849639],[-72.918461015177712,41.461913182342997],[-72.918587358227128,41.462100170056111],[-72.918644212599162,41.462163341580663],[-72.91872886244245,41.462277050325284],[-72.918875420379763,41.462448876872472],[-72.918979021680272,41.462623230280649],[-72.919082622980781,41.462797583688825],[-72.919168536254375,41.462931507321194],[-72.919254449527983,41.463065430953563],[-72.919315094191688,41.463206935168898],[-72.919375738855408,41.463348439384234],[-72.91948692073889,41.463596071761067],[-72.919599787196361,41.463833596693945],[-72.919712653653818,41.46407112162683],[-72.919825520111289,41.464308646559708],[-72.919930805985786,41.464538590909626],[-72.920036091860297,41.464768535259537],[-72.920141377734808,41.464998479609456],[-72.920246663609305,41.465228423959374],[-72.920351949483802,41.465458368309285],[-72.920457235358313,41.465688312659204],[-72.920555277564645,41.465905622704177],[-72.920653319770992,41.466122932749151],[-72.920751361977324,41.466340242794132],[-72.92084940418367,41.466557552839106],[-72.920947446390002,41.46677486288408],[-72.920876694282128,41.466613143780684],[-72.920988718452634,41.466867514453511],[-72.921100742623139,41.467121885126339],[-72.921212766793644,41.467376255799167],[-72.921324790964164,41.467630626471987],[-72.921436815134669,41.467884997144814],[-72.921548839305174,41.468139367817642],[-72.921660021188643,41.468382788759492],[-72.921771203072126,41.468626209701348],[-72.921882384955609,41.468869630643198],[-72.921993566839078,41.469113051585047],[-72.922104748722546,41.469356472526904],[-72.922215930606029,41.469599893468754],[-72.922331444251199,41.469846803885304],[-72.922446957896369,41.470093714301854],[-72.922562471541539,41.470340624718403],[-72.922677985186709,41.470587535134953],[-72.922793498831879,41.470834445551503],[-72.922909012477049,41.471081355968053],[-72.923024526122219,41.471328266384603],[-72.923131665028109,41.471566802061879],[-72.923238803934012,41.471805337739156],[-72.923345942839902,41.472043873416425],[-72.923453081745805,41.472282409093701],[-72.923560220651694,41.472520944770977],[-72.923625919037391,41.472730674232992],[-72.923691617423074,41.472940403695006],[-72.923757315808757,41.473150133157013],[-72.923823014194454,41.473359862619027],[-72.923849967378331,41.47356874979404],[-72.923876920562194,41.473777636969054],[-72.92390387374607,41.473986524144067],[-72.923898820024107,41.474224049076952],[-72.923893766302129,41.47446157400983],[-72.923844913656367,41.474653615444936],[-72.923796061010606,41.474845656880035],[-72.923747208364844,41.475037698315141],[-72.923607388723511,41.47525669293411]]}},
{"type":"Feature","properties":{"elevation_m":43.5,"elevation_ft":143.0,"distance_start_m":22096,"distance_end_m":24988,"lock_start":"FC Lock 12","lock_end":"FC Lock 11"},"geometry":{"type":"LineString","coordinates":[[-72.923607388723511,41.47525669293411],[-72.923467569082163,41.475475687553072],[-72.92332774944083,41.47569468217204],[-72.923120546839797,41.475890092755122],[-72.922913344238779,41.476085503338197],[-72.922706141637747,41.476280913921279],[-72.922517469350637,41.476478009078349],[-72.922328797063528,41.476675104235419],[-72.922140124776419,41.476872199392488],[-72.921978405673187,41.477109724325373],[-72.921892492399593,41.477258809123668],[-72.921806579125999,41.477407893921963],[-72.921685289798575,41.47764794571583],[-72.92156400047115,41.477887997509697],[-72.921445238004708,41.478112888137638],[-72.92132647553828,41.478337778765578],[-72.921207713071837,41.478562669393511],[-72.921088950605395,41.478787560021452],[-72.920972714999948,41.479014977510381],[-72.920856479394502,41.479242394999304],[-72.920740243789041,41.479469812488233],[-72.920624008183594,41.479697229977162],[-72.92050019199516,41.479927174327081],[-72.92037637580674,41.480157118676999],[-72.920263509349269,41.480411489349798],[-72.920150642891812,41.480665860022597],[-72.920037776434341,41.480920230695396],[-72.919941755716792,41.481151017332309],[-72.919845734999242,41.481381803969221],[-72.919749714281693,41.481612590606133],[-72.919701703922925,41.481842534956044],[-72.919653693564143,41.482072479305963],[-72.919616632936325,41.482279681906988],[-72.919579572308493,41.482486884508006],[-72.919542511680675,41.482694087109031],[-72.919489447599929,41.482949300068832],[-72.919436383519184,41.483204513028632],[-72.919387530873408,41.483470675719374],[-72.919338678227646,41.483736838410124],[-72.91928982558187,41.484003001100866],[-72.919252764954038,41.484189988813988],[-72.91921570432622,41.484376976527102],[-72.919178643698388,41.484563964240223],[-72.919112945312705,41.484791381729153],[-72.919044720066026,41.484925305361521],[-72.918976494819347,41.48505922899389],[-72.918847624908949,41.4852260018191],[-72.918718754998551,41.485392774644311],[-72.918587358227171,41.485559547469521],[-72.918455961455791,41.485726320294738],[-72.918263920020678,41.485943630339719],[-72.918071878585579,41.486160940384693],[-72.917888681163944,41.486383304151644],[-72.91770548374231,41.486605667918596],[-72.917522286320676,41.486828031685548],[-72.917339088899041,41.487050395452499],[-72.917155891477393,41.487272759219451],[-72.916972694055758,41.487495122986402],[-72.916789496634124,41.487717486753354],[-72.916606299212489,41.487939850520306],[-72.916471533293134,41.488143683973348],[-72.916336767373792,41.488347517426384],[-72.916202001454437,41.488551350879426],[-72.916039560390914,41.488752055837907],[-72.915877119327405,41.488952760796394],[-72.915714678263882,41.489153465754875],[-72.915552237200359,41.489354170713355],[-72.915389796136836,41.489554875671836],[-72.915227355073327,41.489755580630323],[-72.915064914009804,41.489956285588804],[-72.914904458337048,41.490150853884884],[-72.914744002664307,41.490345422180965],[-72.914583546991565,41.490539990477046],[-72.91442309131881,41.490734558773127],[-72.914263056789565,41.490928284782214],[-72.914103022260321,41.491122010791301],[-72.913942987731076,41.491315736800388],[-72.91377621490588,41.491502724513509],[-72.913675140466353,41.491649282450823],[-72.913574066026825,41.491795840388129],[-72.91351342136312,41.492023257877058],[-72.913495733336191,41.492197611285235],[-72.913478045309276,41.492371964693412],[-72.913501629345163,41.492553898684548],[-72.913525213381064,41.492735832675692],[-72.913548797416951,41.492917766666828],[-72.913589227192759,41.493151922451723],[-72.913629656968567,41.493386078236625],[-72.913670086744375,41.49362023402152],[-72.913697882215246,41.493852705232428],[-72.913725677686116,41.494085176443328],[-72.913762317170438,41.494317647654228],[-72.913798956654773,41.494550118865135],[-72.913835596139108,41.494782590076042],[-72.91387223562343,41.495015061286942],[-72.913902557955282,41.495220579313973],[-72.913932880287135,41.495426097341003],[-72.913963202618987,41.495631615368033],[-72.913983417506898,41.495881774605849],[-72.91400363239481,41.496131933843671],[-72.91403900844864,41.49635092846264],[-72.91407438450247,41.496569923081609],[-72.9141097605563,41.496788917700577],[-72.914122394861238,41.496963271108754],[-72.914135029166189,41.497137624516931],[-72.914145136610131,41.497274075010289],[-72.914155244054086,41.497410525503646],[-72.914183039524957,41.49756971774589],[-72.914210834995828,41.49772890998814],[-72.914248737910512,41.497989176669833],[-72.914286640825196,41.498249443351526],[-72.914303486565203,41.498485283710465],[-72.914320332305209,41.498721124069412],[-72.914337178045216,41.498956964428352],[-72.914337178045216,41.499172589899338],[-72.914337178045216,41.499388215370317]]}},
{"type":"Feature","properties":{"elevation_m":45.9,"elevation_ft":151.0,"distance_start_m":24988,"distance_end_m":25398,"lock_start":"FC Lock 11","lock_end":"FC Lock 10"},"geometry":{"type":"LineString","coordinates":[[-72.914337178045216,41.499388215370317],[-72.914337178045216,41.499603840841303],[-72.914329597462256,41.499816097164306],[-72.914322016879311,41.500028353487309],[-72.914314436296351,41.500240609810319],[-72.914306855713392,41.500452866133323],[-72.91429000997347,41.500688706492213],[-72.914273164233563,41.500924546851095],[-72.914256318493642,41.501160387209985],[-72.914229365309765,41.501411388734809],[-72.914202412125888,41.501662390259625],[-72.914175458942012,41.501913391784448],[-72.914188935533957,41.502098694923575],[-72.914202412125888,41.502283998062694],[-72.914215888717834,41.50246930120182],[-72.914231049883767,41.502608278556167],[-72.914246211049687,41.502747255910514],[-72.914284113964499,41.502906448152757],[-72.914322016879325,41.503065640395008]]}},
{"type":"Feature","properties":{"elevation_m":48.3,"elevation_ft":159.0,"distance_start_m":25398,"distance_end_m":33682,"lock_start":"FC Lock 10","lock_end":"FC Lock 9"},"geometry":{"type":"LineString","coordinates":[[-72.914322016879325,41.503065640395008],[-72.914362446655133,41.503202090888365],[-72.914402876430955,41.503338541381723],[-72.914460994233679,41.503469938153103],[-72.914519112036402,41.503601334924483],[-72.914582283561103,41.503750419722778],[-72.914645455085804,41.50389950452108],[-72.914751583247295,41.504086492234194],[-72.9148577114088,41.504273479947315],[-72.914923409794483,41.50442256474561],[-72.914989108180166,41.504571649543912],[-72.914999215624121,41.504777167570943],[-72.915009323068077,41.504982685597973],[-72.915019430512032,41.505188203625003],[-72.914963839570291,41.505410567391955],[-72.914908248628549,41.505632931158907],[-72.914837496520875,41.505799703984124],[-72.914766744413214,41.505966476809334],[-72.914660616251723,41.506118088468625],[-72.914554488090218,41.506269700127909],[-72.914352339211177,41.506461741563001],[-72.914200727551886,41.506598192056359],[-72.914049115892595,41.506734642549716],[-72.913863812753476,41.50691320739287],[-72.913678509614343,41.507091772236031],[-72.913493206475223,41.507270337079184],[-72.913280950152227,41.50744721734835],[-72.913068693829217,41.507624097617516],[-72.912947404501793,41.50773275264001],[-72.912826115174369,41.507841407662511],[-72.912654288627181,41.508013234209699],[-72.912482462079993,41.50818506075688],[-72.912265152035019,41.508368679322011],[-72.912047841990031,41.50855229788715],[-72.911830531945057,41.508735916452281],[-72.911595533873168,41.508933011609351],[-72.911360535801279,41.50913010676642],[-72.911171021227176,41.509314567618553],[-72.910981506653059,41.509499028470685],[-72.910799572661901,41.509711284793681],[-72.910711132527325,41.509933648560633],[-72.910622692392735,41.510156012327585],[-72.910534252258145,41.510378376094536],[-72.910445812123569,41.510600739861488],[-72.910466027011481,41.510868587126225],[-72.910486241899392,41.511136434390963],[-72.910474449881448,41.511377328471823],[-72.910462657863505,41.511618222552691],[-72.910450865845547,41.511859116633552],[-72.910439073827604,41.512100010714413],[-72.91042728180966,41.51234090479528],[-72.910415489791717,41.512581798876141],[-72.910400328625784,41.512810900939058],[-72.910385167459864,41.513040003001983],[-72.910370006293931,41.5132691050649],[-72.910354845127998,41.513498207127817],[-72.910339683962079,41.513727309190742],[-72.910324522796145,41.513956411253659],[-72.910258824410448,41.514204043630492],[-72.910193126024765,41.514451676007326],[-72.910108897325159,41.514623502554514],[-72.910024668625567,41.514795329101702],[-72.909940439925961,41.51496715564889],[-72.909903379298129,41.515149089640033],[-72.909866318670311,41.515331023631177],[-72.909829258042478,41.51551295762232],[-72.909798935710626,41.515760589999154],[-72.909768613378773,41.516008222375987],[-72.909796408849644,41.516238166725898],[-72.9098242043205,41.516468111075817],[-72.909851999791371,41.516698055425735],[-72.909879795262242,41.516927999775646],[-72.909893271854173,41.517192477892401],[-72.909906748446119,41.517456956009156],[-72.90992022503805,41.517721434125903],[-72.909933701629981,41.517985912242658],[-72.909947178221927,41.518250390359412],[-72.909960654813858,41.518514868476167],[-72.909977500553779,41.518782715740905],[-72.909994346293701,41.519050563005642],[-72.910011192033622,41.51931841027038],[-72.910028037773543,41.519586257535117],[-72.910044883513464,41.519854104799855],[-72.910061729253385,41.520121952064585],[-72.910078574993292,41.520389799329322],[-72.910095420733214,41.52065764659406],[-72.910112266473135,41.520925493858797],[-72.910129112213056,41.521193341123535],[-72.910145957952977,41.521461188388272],[-72.910162803692899,41.52172903565301],[-72.910172911136854,41.521983743240611],[-72.91018301858081,41.522238450828205],[-72.910193126024751,41.522493158415806],[-72.910203233468707,41.5227478660034],[-72.910213340912662,41.523002573591],[-72.910233555800573,41.523245152245856],[-72.91025377068847,41.523487730900712],[-72.910273985576382,41.523730309555567],[-72.910294200464278,41.523972888210423],[-72.91031441535219,41.524215466865279],[-72.910329576518123,41.524435303771241],[-72.910344737684056,41.524655140677204],[-72.910359898849975,41.524874977583167],[-72.910375060015909,41.52509481448913],[-72.910402013199786,41.525313809108098],[-72.910428966383648,41.525532803727067],[-72.910455919567525,41.525751798346036],[-72.910428966383648,41.525957316373066],[-72.910402013199786,41.526162834400097],[-72.910375060015909,41.526368352427127],[-72.910309361630226,41.526535125252337],[-72.910243663244529,41.526701898077555],[-72.910102159029194,41.526904046956602],[-72.909960654813858,41.52710619583565],[-72.909809043154581,41.527283076104816],[-72.90965743149529,41.527459956373981],[-72.909509188983989,41.527645259513108],[-72.909360946472688,41.527830562652234],[-72.909212703961387,41.52801586579136],[-72.909035823692221,41.528202853504482],[-72.908858943423056,41.528389841217596],[-72.90868206315389,41.52857682893071],[-72.908505182884724,41.528763816643831],[-72.908333356337536,41.528973546105846],[-72.908161529790334,41.529183275567853],[-72.907989703243146,41.52939300502986],[-72.907817876695958,41.529602734491874],[-72.907659526740701,41.529798145074956],[-72.907501176785459,41.529993555658031],[-72.907342826830202,41.530188966241113],[-72.907115409341273,41.530355739066323],[-72.906887991852344,41.53052251189154],[-72.906669671062971,41.530676145039614],[-72.906451350273613,41.530829778187687],[-72.906233029484241,41.530983411335768],[-72.906014708694883,41.531137044483842],[-72.905796387905511,41.531290677631915],[-72.905536963510727,41.531472611623059],[-72.905277539115957,41.531654545614195],[-72.905018114721173,41.531836479605339],[-72.904792381806246,41.531994829560595],[-72.904566648891304,41.532153179515845],[-72.904340915976377,41.532311529471102],[-72.904209519204983,41.532442926242481],[-72.904078122433603,41.532574323013861],[-72.90397704799409,41.532761310726983],[-72.903875973554563,41.532948298440097],[-72.903761422523104,41.533190877094952],[-72.903646871491645,41.533433455749808],[-72.903532320460187,41.533676034404664],[-72.903424507724694,41.533925351355492],[-72.903316694989201,41.534174668306314],[-72.903208882253708,41.534423985257142],[-72.903077485482328,41.534656456468042],[-72.902946088710948,41.534888927678942],[-72.902814691939568,41.53512645261182],[-72.902683295168188,41.535363977544705],[-72.902501361177045,41.535535804091893],[-72.902348126552525,41.535608800901834],[-72.902194891928005,41.535681797711774],[-72.902041431638821,41.535775312575495],[-72.901887971349652,41.535868827439209],[-72.901620215115926,41.535998309558202],[-72.901352458882215,41.536127791677195],[-72.90108470264849,41.536257273796188],[-72.900901269646582,41.536332805032266],[-72.900717836644674,41.536408336268344],[-72.900449281138592,41.536549807472419],[-72.90017113436447,41.536650515787194],[-72.899950535198769,41.536748826284949],[-72.899729936033083,41.536847136782704],[-72.899557293207764,41.537067735948391],[-72.899413424186662,41.537235583139676],[-72.899269555165546,41.537403430330968],[-72.899149664314621,41.53758566442437],[-72.89902977346371,41.537767898517764],[-72.898876313174526,41.537983702049416],[-72.898722852885356,41.538199505581069],[-72.898593370766363,41.538410513478688],[-72.89846388864737,41.538621521376307],[-72.898334406528377,41.538832529273925],[-72.898204924409384,41.539043537171544],[-72.898079278797624,41.539262218083621],[-72.897953633185864,41.539480898995706],[-72.897827987574118,41.539699579907783],[-72.897702341962358,41.539918260819867],[-72.897576696350598,41.540136941731944],[-72.897514353108122,41.540381519067822],[-72.897452009865646,41.540626096403699],[-72.89738966662317,41.540870673739569],[-72.897327323380694,41.541115251075446],[-72.89733211901472,41.541307076436915],[-72.897336914648761,41.541498901798384],[-72.897365688452979,41.541767457304445],[-72.897418440427387,41.541949691397846],[-72.897471192401795,41.54213192549124],[-72.89763304505054,41.542338737209072],[-72.897794897699271,41.54254554892691],[-72.897956750348015,41.542752360644741],[-72.89811860299676,41.542959172362572],[-72.898204924409427,41.54309824574964],[-72.898291245822094,41.543237319136708],[-72.898305632724202,41.543378790340796],[-72.898320019626311,41.543520261544877],[-72.898305632724202,41.543716882540387],[-72.898204924409427,41.54390750899335],[-72.898104216094652,41.544098135446312],[-72.897989120877767,41.544297154258835],[-72.897874025660883,41.544496173071352],[-72.897758930443999,41.544695191883875],[-72.897628489198198,41.544911474978953],[-72.897498047952396,41.545127758074024],[-72.897367606706595,41.545344041169102],[-72.897237165460794,41.545560324264173],[-72.897106724214993,41.545776607359251],[-72.89695805955985,41.546005199248334],[-72.896809394904707,41.546233791137425],[-72.896660730249579,41.546462383026508],[-72.896512065594436,41.546690974915592],[-72.896363400939293,41.546919566804682],[-72.896214736284151,41.547148158693766],[-72.896010442274189,41.547354370957351],[-72.895806148264228,41.547560583220928],[-72.895601854254252,41.547766795484513],[-72.895397560244291,41.547973007748091],[-72.89519326623433,41.548179220011676],[-72.894988972224368,41.548385432275261],[-72.894784678214407,41.548591644538838],[-72.894580384204431,41.548797856802423],[-72.89437609019447,41.549004069066001],[-72.894171796184509,41.549210281329586],[-72.894123839844127,41.549440471763354],[-72.89407588350376,41.549670662197123],[-72.894123839844127,41.549833713754374],[-72.894171796184494,41.549996765311626],[-72.894229343792944,41.550145429966761],[-72.894286891401379,41.550294094621904],[-72.894401986618263,41.550505102519523],[-72.894517081835147,41.550716110417142],[-72.894632177052031,41.550927118314753],[-72.894747272268916,41.551138126212372],[-72.894859969668786,41.55134673629297],[-72.894972667068657,41.551555346373569],[-72.895085364468514,41.551763956454167],[-72.895198061868385,41.551972566534765],[-72.895295173457626,41.552177579889836],[-72.895392285046867,41.552382593244907],[-72.895489396636108,41.552587606599978],[-72.89558650822535,41.552792619955049],[-72.895811903025077,41.552946080244226],[-72.896037297824805,41.553099540533402],[-72.896262692624532,41.553253000822579],[-72.89648808742426,41.553406461111756],[-72.896717078949507,41.553532346505222],[-72.896946070474769,41.55365823189868],[-72.897175062000031,41.553784117292146],[-72.897404053525278,41.553910002685612],[-72.897623753509578,41.554123408400258],[-72.897843453493863,41.554336814114897],[-72.898063153478162,41.554550219829537],[-72.898282853462462,41.554763625544183],[-72.898286450187982,41.554901500022751],[-72.898257676383764,41.555039374501305],[-72.898186940781727,41.555220409686193],[-72.898022290679805,41.555428220494449],[-72.897857640577882,41.555636031302711],[-72.89769299047596,41.555843842110967],[-72.897598276703732,41.555981716589528],[-72.897503562931504,41.556119591068082],[-72.897462800042177,41.556344985867781],[-72.897436424054973,41.556599154471726],[-72.897410048067769,41.556853323075678],[-72.897379276082688,41.557046347345668],[-72.897348504097621,41.557239371615665],[-72.897317732112541,41.557432395885655],[-72.897166015690289,41.557676101288067],[-72.897014299268037,41.557919806690478],[-72.896862582845799,41.558163512092889],[-72.896710866423547,41.558407217495301],[-72.896559150001295,41.558650922897712],[-72.896407433579043,41.558894628300123],[-72.896255717156791,41.559138333702535],[-72.896104000734539,41.559382039104946],[-72.895952284312301,41.559625744507358],[-72.895800567890049,41.559869449909769],[-72.895648851467797,41.56011315531218],[-72.895601494581669,41.560281601957719],[-72.895554137695541,41.560450048603258],[-72.895510976989243,41.560625089245605],[-72.895540949701953,41.560838494960237],[-72.895590104950827,41.56099135579516],[-72.895639260199701,41.561144216630083],[-72.895777134678269,41.561391191782988],[-72.895981548579073,41.561567431333771],[-72.89618596247989,41.561743670884546],[-72.896406561645591,41.561865959552485],[-72.896627160811278,41.561988248220423],[-72.896881329415223,41.562072171816069],[-72.897135498019168,41.562156095411709],[-72.897435225146467,41.56216089104575],[-72.897734952273765,41.562165686679784],[-72.898063453205282,41.562118929247923],[-72.898391954136798,41.562072171816069],[-72.898720455068329,41.562025414384209],[-72.899048955999845,41.561978656952348],[-72.899360672212239,41.561934297337508],[-72.899672388424619,41.561889937722668],[-72.899984104637014,41.561845578107828],[-72.900295820849408,41.561801218492988],[-72.900595547976707,41.561777240322805],[-72.900895275104006,41.561753262152621],[-72.901166827881354,41.561770646326067],[-72.901438380658703,41.561788030499521],[-72.901679960723285,41.561841381928119],[-72.901921540787868,41.561894733356709],[-72.902103774881255,41.562021817658682],[-72.902286008974656,41.562148901960654],[-72.902398706374527,41.562263997177538],[-72.902511403774383,41.562379092394423],[-72.902652075706129,41.56252615850488],[-72.902792747637875,41.562673224615345],[-72.902933419569621,41.562820290725803],[-72.902972591720996,41.563057066424257],[-72.903011763872371,41.563293842122711],[-72.903050936023746,41.563530617821172],[-72.903090108175121,41.563767393519626],[-72.903129280326496,41.56400416921808],[-72.903168452477871,41.564240944916534],[-72.903154975885954,41.564466677831469],[-72.903141499294023,41.564692410746403],[-72.903128022702106,41.564918143661338],[-72.903114546110189,41.565143876576272],[-72.903101069518257,41.565369609491206],[-72.90308759292634,41.565595342406141]]}},
{"type":"Feature","properties":{"elevation_m":51.4,"elevation_ft":168.0,"distance_start_m":33682,"distance_end_m":36757,"lock_start":"FC Lock 9","lock_end":"FC Lock 8"},"geometry":{"type":"LineString","coordinates":[[-72.90308759292634,41.565595342406141],[-72.903033686558587,41.565841290208979],[-72.902979780190847,41.566087238011825],[-72.902925873823108,41.566333185814663],[-72.902871967455354,41.566579133617502],[-72.902818061087601,41.566825081420347],[-72.902764154719861,41.567071029223186],[-72.902728778665946,41.567273178102191],[-72.902693402612016,41.567475326981196],[-72.9026580265581,41.567677475860201],[-72.902622650504185,41.567879624739206],[-72.90258727445044,41.568147472003986],[-72.902551898396695,41.568415319268766],[-72.902516522342935,41.568683166533539],[-72.90248114628919,41.568951013798319],[-72.902416458647892,41.56917742054285],[-72.902351771006607,41.569403827287381],[-72.902287083365309,41.569630234031919],[-72.902222395724024,41.56985664077645],[-72.902157708082726,41.570083047520981],[-72.902042483221663,41.570317540220678],[-72.901927258360615,41.570552032920368],[-72.901812033499553,41.570786525620065],[-72.901696808638505,41.571021018319755],[-72.901581583777443,41.571255511019451],[-72.901490616781871,41.571482928508381],[-72.901399649786299,41.57171034599731],[-72.901308682790727,41.571937763486233],[-72.901217715795156,41.572165180975162],[-72.901197500907259,41.572407759630018],[-72.901177286019347,41.572650338284873],[-72.90115707113145,41.572892916939729],[-72.901136856243539,41.573155710482496],[-72.901116641355642,41.573418504025256],[-72.901022305212081,41.573647606088173],[-72.900927969068533,41.573876708151097],[-72.900833632924972,41.574105810214014],[-72.900644960637862,41.57424731442935],[-72.900456288350753,41.574388818644678],[-72.900267616063644,41.574530322860014],[-72.900141273014242,41.574717310573135],[-72.90001492996484,41.574904298286249],[-72.899888586915424,41.575091285999363],[-72.899762243866022,41.575278273712485],[-72.899715075794248,41.575541067255244],[-72.89966790772246,41.575803860798004],[-72.899620739650686,41.576066654340764],[-72.899731921534169,41.576218266000055],[-72.899843103417638,41.576369877659346],[-72.899959339023084,41.576617510036179],[-72.900075574628545,41.576865142413013],[-72.900191810233991,41.577112774789839],[-72.900308045839438,41.577360407166672],[-72.900313099561416,41.577592878377573],[-72.900318153283393,41.57782534958848],[-72.900323207005371,41.578057820799387],[-72.900328260727349,41.578290292010287],[-72.900252454897711,41.578542978109098],[-72.900176649068072,41.578795664207902],[-72.90010084323842,41.579048350306707],[-72.900025037408781,41.579301036405518],[-72.899907791058936,41.579547658037953],[-72.899790544709091,41.579794279670395],[-72.899673298359232,41.58004090130283],[-72.899556052009387,41.580287522935272],[-72.899438805659543,41.580534144567707],[-72.899317516332118,41.580784809177722],[-72.89919622700468,41.581035473787743],[-72.899074937677256,41.581286138397758],[-72.898953648349817,41.581536803007779],[-72.898832359022393,41.581787467617794],[-72.898751499470777,41.582035099994627],[-72.89867063991916,41.582282732371461],[-72.898589780367544,41.582530364748294],[-72.898508920815928,41.582777997125127],[-72.898465121892144,41.58304415981587],[-72.898421322968346,41.583310322506613],[-72.898377524044548,41.583576485197355],[-72.898333725120764,41.583842647888105],[-72.898289926196981,41.584108810578847],[-72.898246127273183,41.58437497326959],[-72.898282514071411,41.584621594902025],[-72.89831890086964,41.58486821653446],[-72.898355287667869,41.585114838166902],[-72.898391674466097,41.585361459799337],[-72.898428061264326,41.585608081431772],[-72.898488705928045,41.585858746041794],[-72.89854935059175,41.586109410651808],[-72.89860999525547,41.58636007526183],[-72.898670639919175,41.586610739871844],[-72.898731284582894,41.586861404481866],[-72.898832359022421,41.587077029952852],[-72.898933433461934,41.587292655423838],[-72.899034507901462,41.587508280894824],[-72.899135582340989,41.587723906365802],[-72.899236656780502,41.587939531836788],[-72.899337731220029,41.588155157307774],[-72.899398375883735,41.588316876411014],[-72.899565148708959,41.588503864124128],[-72.899742028978125,41.588675690671323],[-72.899949231579143,41.588781818832821],[-72.900080628350523,41.588842463496533],[-72.900308045839452,41.588903108160245],[-72.90064664521185,41.588948591658031],[-72.900881643283697,41.5890142900437],[-72.901116641355529,41.589079988429368],[-72.901450187005963,41.589176009146918],[-72.901677604494893,41.589241707532608],[-72.901899968261844,41.589287191030394],[-72.902079375391992,41.589335201389169],[-72.902258782522154,41.589383211747943],[-72.902448297096257,41.589471651882526],[-72.90263781167036,41.589560092017109],[-72.90280458449557,41.589661166456629],[-72.902956196154861,41.589853207891728],[-72.903042109428455,41.589974497219153],[-72.903082539204263,41.590105893990533],[-72.903087592926241,41.590302989147602],[-72.903112861536115,41.590444493362938],[-72.903148237589946,41.590545567802458],[-72.903203828531687,41.590666857129889]]}},
{"type":"Feature","properties":{"elevation_m":52.8,"elevation_ft":173.0,"distance_start_m":36757,"distance_end_m":38190,"lock_start":"FC Lock 8","lock_end":"FC Lock 7"},"geometry":{"type":"LineString","coordinates":[[-72.903203828531687,41.590666857129889],[-72.903244258307495,41.590813415067196],[-72.903264473195406,41.590934704394627],[-72.903269526917384,41.591076208609955],[-72.903284688083318,41.59124803515715],[-72.903299849249237,41.591419861704338],[-72.903368074495972,41.591649806054271],[-72.903436299742708,41.591879750404203],[-72.903448934047645,41.592026308341516],[-72.903461568352583,41.592172866278823],[-72.903495259832425,41.59237501515787],[-72.903528951312268,41.592577164036918],[-72.90356264279211,41.592779312915965],[-72.903577803958044,41.592988200090986],[-72.903592965123963,41.593197087265999],[-72.903608126289896,41.593405974441019],[-72.90352726673828,41.59363086506896],[-72.903446407186664,41.5938557556969],[-72.903365547635033,41.594080646324841],[-72.903284688083417,41.594305536952781],[-72.903129286132611,41.594503895540342],[-72.902973884181804,41.59470225412791],[-72.902761627858794,41.594894295563002],[-72.902630231087414,41.595086336998094],[-72.902534210369879,41.595243002379355],[-72.902438189652329,41.595399667760617],[-72.902397759876521,41.595662461303377],[-72.902417974764433,41.595824180406616],[-72.902438189652329,41.595985899509856],[-72.902478619428138,41.596167833500999],[-72.902519049203946,41.596349767492136],[-72.902534210369879,41.596541808927228],[-72.902549371535798,41.596733850362327],[-72.902574640145673,41.596910730631492],[-72.902599908755562,41.597087610900658],[-72.902660553419281,41.59714825556437],[-72.902781842746705,41.59734535072144],[-72.90290313207413,41.597542445878517],[-72.903024421401568,41.597739541035587],[-72.903145710728992,41.597936636192657],[-72.903283845796352,41.598170791977552],[-72.903421980863698,41.598404947762447],[-72.903560115931057,41.598639103547342],[-72.90366792866655,41.59881935296449],[-72.903775741402029,41.598999602381646],[-72.903883554137522,41.599179851798795],[-72.903984628577049,41.599407269287724],[-72.904030112074821,41.599568988390963],[-72.904075595572607,41.599730707494203],[-72.90409075673854,41.599953071261154],[-72.904105917904474,41.600175435028106],[-72.904136240236326,41.600362422741227],[-72.904166562568179,41.600549410454342],[-72.904210361491977,41.60076840507331],[-72.904254160415761,41.600987399692272],[-72.904297959339559,41.601206394311241],[-72.904351023420318,41.601433811800163],[-72.904404087501078,41.601661229289093],[-72.904407456649068,41.601875170186084],[-72.904410825797044,41.602089111083075],[-72.904414194945034,41.602303051980066],[-72.904303013061551,41.602520362025039],[-72.904174143151153,41.602677027406301],[-72.904045273240769,41.602833692787563],[-72.903906295886429,41.602975197002891]]}},
{"type":"Feature","properties":{"elevation_m":55.9,"elevation_ft":183.0,"distance_start_m":38190,"distance_end_m":83105,"lock_start":"FC Lock 7","lock_end":"FC Lock 6"},"geometry":{"type":"LineString","coordinates":[[-72.903906295886429,41.602975197002891],[-72.903767318532076,41.603116701218227],[-72.90355506220908,41.603316323236285],[-72.903342805886084,41.603515945254344],[-72.903239204585574,41.603670083774617],[-72.903135603285065,41.603824222294897],[-72.90308253920432,41.604001102564069],[-72.903029475123589,41.604177982833235],[-72.902938508128017,41.604420561488091],[-72.902847541132445,41.604663140142947],[-72.902726251805007,41.604895611353854],[-72.902604962477582,41.605128082564754],[-72.902382598710631,41.605269586780082],[-72.902160234943679,41.605411090995418],[-72.902014687750764,41.605605153919306],[-72.901869140557849,41.605799216843195],[-72.90172359336492,41.605993279767077],[-72.901578046172006,41.606187342690966],[-72.901432498979091,41.606381405614854],[-72.901301102207711,41.606603769381806],[-72.901169705436331,41.606826133148758],[-72.901038308664951,41.607048496915709],[-72.900906911893571,41.607270860682661],[-72.900817966386796,41.607493224449613],[-72.900729020880007,41.607715588216557],[-72.900640075373232,41.607937951983509],[-72.900551129866443,41.608160315750453],[-72.900462184359668,41.608382679517405],[-72.900347633328209,41.608611781580322],[-72.900233082296751,41.608840883643246],[-72.900118531265292,41.609069985706164],[-72.900007349381809,41.609256973419285],[-72.899896167498341,41.609443961132399],[-72.899784985614872,41.60963094884552],[-72.899673803731389,41.609817936558642],[-72.899471654852348,41.610026823733655],[-72.899269505973294,41.610235710908668],[-72.899067357094253,41.610444598083681],[-72.898858469919233,41.610653485258695],[-72.898649582744227,41.610862372433715],[-72.898440695569207,41.611071259608728],[-72.898309298797827,41.61129362337568],[-72.898177902026447,41.611515987142631],[-72.898036397811111,41.611754522819908],[-72.897894893595776,41.611993058497184],[-72.897753389380455,41.612231594174453],[-72.897611885165119,41.612470129851729],[-72.897470380949784,41.612708665529006],[-72.897371552608917,41.612962474677147],[-72.897272724268049,41.613216283825281],[-72.897173895927182,41.613470092973422],[-72.897075067586314,41.613723902121556],[-72.896976239245433,41.613977711269698],[-72.896877410904565,41.614231520417832],[-72.896778582563698,41.614485329565973],[-72.896679754222831,41.614739138714107],[-72.896580925881963,41.614992947862248],[-72.896539653819161,41.615232157369121],[-72.896498381756359,41.615471366875994],[-72.896457109693557,41.615710576382867],[-72.896415837630769,41.615949785889747],[-72.896374565567967,41.61618899539662],[-72.896333293505165,41.616428204903492],[-72.896291179155369,41.616635407504518],[-72.896249064805559,41.616842610105536],[-72.896206950455763,41.617049812706561],[-72.896181681845889,41.617255330733592],[-72.896156413236,41.617460848760622],[-72.896131144626125,41.617666366787653],[-72.896153886375018,41.617916526025468],[-72.896176628123911,41.61816668526329],[-72.896238957361618,41.618390733604237],[-72.896301286599311,41.618614781945176],[-72.896363615837018,41.618838830286123],[-72.896409099334804,41.619017395129283],[-72.89645458283259,41.619195959972437],[-72.896500066330375,41.619374524815598],[-72.896520281218272,41.619521082752904],[-72.896540496106184,41.61966764069021],[-72.896515227496309,41.619844520959376],[-72.896560710994109,41.620112368224113],[-72.89663146310177,41.620311990242172],[-72.89670221520943,41.620511612260231],[-72.896765386734131,41.620658170197544],[-72.896828558258832,41.62080472813485],[-72.896843719424766,41.620986662125993],[-72.896884149200574,41.621203972170967],[-72.89682603139785,41.62142380907693],[-72.896767913595127,41.621643645982893],[-72.896626409379792,41.621801995938149],[-72.896484905164456,41.621960345893399],[-72.896343400949121,41.622118695848656],[-72.896214531038737,41.622265253785969],[-72.896085661128339,41.622411811723275],[-72.895893619693254,41.622585322844458],[-72.895701578258155,41.622758833965634],[-72.89550953682307,41.622932345086816],[-72.895320022248967,41.623131967104875],[-72.895130507674864,41.623331589122934],[-72.894966261710636,41.623510996253088],[-72.894802015746407,41.623690403383243],[-72.894630189199219,41.623831907598586],[-72.894458362652031,41.623973411813921],[-72.894202307405237,41.624138500065143],[-72.893946252158457,41.624303588316359],[-72.893690196911663,41.624468676567581],[-72.893541112113354,41.624569751007101],[-72.893392027315059,41.624670825446628],[-72.893196616731984,41.624810645087969],[-72.893001206148895,41.624950464729302],[-72.89280579556582,41.625090284370643],[-72.89260027753879,41.625258741769848],[-72.89239475951176,41.62542719916906],[-72.892189241484729,41.625595656568265],[-72.891987092605689,41.625790224864346],[-72.891784943726634,41.625984793160427],[-72.891592902291535,41.626181888317497],[-72.891400860856436,41.626378983474567],[-72.891232403457238,41.626586186075592],[-72.891063946058026,41.626793388676617],[-72.890895488658828,41.627000591277643],[-72.89075903816547,41.627174944685819],[-72.890622587672112,41.627349298093996],[-72.890478556595795,41.627571661860948],[-72.890334525519478,41.6277940256279],[-72.890243558523906,41.627993647645958],[-72.890152591528334,41.628193269664017],[-72.890086893142637,41.628362569350216],[-72.890021194756955,41.628531869036422],[-72.889990872425102,41.628683480695706],[-72.889960550093235,41.62883509235499],[-72.889829153321855,41.629082724731823],[-72.889697756550476,41.629330357108657],[-72.889604262693922,41.629571040617769],[-72.889510768837368,41.629811724126881],[-72.889417274980815,41.630052407635993],[-72.889323781124261,41.630293091145106],[-72.889258082738564,41.630434595360441],[-72.889192384352882,41.630576099575769],[-72.889119105384225,41.630707496347149],[-72.889045826415568,41.630838893118529],[-72.888939698254063,41.630990504777813],[-72.888810828343679,41.631159804464019],[-72.88868195843331,41.631329104150218],[-72.888505078164144,41.631505984419384],[-72.888378735114742,41.631665176661635],[-72.888252392065326,41.631824368903885],[-72.888151317625812,41.632008829756018],[-72.888050243186285,41.632193290608143],[-72.887928953858847,41.632418181236083],[-72.887807664531422,41.632643071864024],[-72.887691428925976,41.632895757962821],[-72.887575193320529,41.633148444061618],[-72.887491806907917,41.63330510944288],[-72.887408420495319,41.633461774824141],[-72.887282077445917,41.633663923703189],[-72.88718100300639,41.633830696528399],[-72.88708498228884,41.634053060295351],[-72.887024337625121,41.634181930205742],[-72.886963692961416,41.634310800116133],[-72.886930843768567,41.634464938636413],[-72.886897994575719,41.634619077156685],[-72.886844930494959,41.634838914062648],[-72.886791866414214,41.635058750968611],[-72.886756490360384,41.635228050654817],[-72.886721114306553,41.635397350341016],[-72.886685738252709,41.635564123166233],[-72.886650362198878,41.635730895991443],[-72.886597298118133,41.635864819623812],[-72.886544234037387,41.635998743256181],[-72.886480220225678,41.636199207561233],[-72.886416206413983,41.636399671866286],[-72.886352192602274,41.636600136171339],[-72.88630165538251,41.636739113525685],[-72.886251118162761,41.636878090880032],[-72.886199317512322,41.637013277942813],[-72.886147516861882,41.637148465005588],[-72.886079291615573,41.637322818413935],[-72.886016120090858,41.637451688324326],[-72.885952948566157,41.637580558234717],[-72.885872089014541,41.637719535589056],[-72.885791229462924,41.637858512943403],[-72.885629510359692,41.63809098415431],[-72.88540714659274,41.638272918145454],[-72.885179729103797,41.638399261194863],[-72.885028117444506,41.638520550522294],[-72.884876505785229,41.638641839849726],[-72.884810807399532,41.638783344065061],[-72.884745109013849,41.638924848280389],[-72.884664249462233,41.639126997159437],[-72.88463392713038,41.639273555096743],[-72.884603604798514,41.639420113034049],[-72.88455306757875,41.639652584244956],[-72.884411563363429,41.639864840567952],[-72.884300381479946,41.640117526666764],[-72.884239736816227,41.640248923438143],[-72.884179092152522,41.640380320209523],[-72.884118447488817,41.640531931868807],[-72.884057802825097,41.640683543528091],[-72.883992104439415,41.640890746129109],[-72.883926406053718,41.641097948730128],[-72.883875868833954,41.641340527384983],[-72.88382533161419,41.641583106039846],[-72.883774794394427,41.641805469806798],[-72.883724257174663,41.642027833573749],[-72.883673719954913,41.642250197340701],[-72.88362318273515,41.642472561107652],[-72.883554957488286,41.642654495098711],[-72.883486732241408,41.642836429089762],[-72.883431141299681,41.642957718417186],[-72.883365442914169,41.643089115188658],[-72.883299744528671,41.643220511960124],[-72.883016736098,41.643382231063363],[-72.882895446770576,41.643483305502883],[-72.882774157443151,41.643584379942403],[-72.882713512779432,41.64384717348517],[-72.882723620223388,41.644008892588403],[-72.882733727667343,41.644170611691642],[-72.882774157443151,41.644332330794882],[-72.882895446770576,41.644574909449737],[-72.882996521210103,41.644675983889258],[-72.883067273317778,41.644807380660637],[-72.883138025425438,41.644938777432017],[-72.883168347757291,41.645080281647353],[-72.883198670089143,41.645221785862688],[-72.883138025425438,41.64541382729778],[-72.883077380761719,41.645605868732872],[-72.883006628654059,41.645856027970694],[-72.882935876546384,41.646106187208517],[-72.882865124438723,41.646356346446332],[-72.882794372331063,41.646606505684154],[-72.882723620223388,41.646856664921977],[-72.882652868115727,41.647106824159792],[-72.882582116008052,41.647356983397614],[-72.882511363900392,41.647607142635437],[-72.882442055713284,41.647838169925777],[-72.88237274752619,41.648069197216117],[-72.882303439339083,41.648300224506457],[-72.882234131151989,41.64853125179679],[-72.882164822964882,41.64876227908713],[-72.882095514777788,41.64899330637747],[-72.88202620659068,41.64922433366781],[-72.881968931074809,41.649413005954877],[-72.881911655558952,41.649601678241936],[-72.88185438004308,41.649790350529003],[-72.881788681657582,41.650022821739981],[-72.881722983272098,41.650255292950952],[-72.881722983272098,41.65045744183],[-72.881722983272098,41.650659590709047],[-72.88169266094026,41.650895431067937],[-72.881662338608407,41.651131271426834],[-72.881632016276569,41.651367111785724],[-72.881601693944717,41.651508616001053],[-72.881571371612864,41.651650120216388],[-72.881537680133022,41.651835423355514],[-72.881503988653179,41.652020726494641],[-72.881470297173337,41.652206029633767],[-72.881460189729381,41.652393017346881],[-72.881450082285426,41.652580005060003],[-72.881455136007403,41.652820056853869],[-72.881460189729381,41.653060108647729],[-72.881462716590363,41.653325429051478],[-72.881465243451359,41.653590749455226],[-72.881424813675523,41.653818166944156],[-72.881359115289825,41.654000100935299],[-72.881293416904128,41.654182034926443],[-72.881235299101007,41.654308377975681],[-72.881170864146029,41.654444828469117],[-72.88110642919105,41.654581278962553],[-72.881048311388327,41.654760686092708],[-72.880990193585603,41.654940093222862],[-72.880949763809781,41.655116973492028],[-72.880909334033944,41.655293853761201],[-72.880901753450985,41.655453046003451],[-72.88089417286804,41.655612238245702],[-72.880896699729021,41.655768903626964],[-72.880899226590017,41.655925569008225],[-72.880896699729021,41.656062019501583],[-72.88089417286804,41.656198469994941],[-72.880924495199864,41.656441048649796],[-72.880982613002601,41.656653304972792],[-72.881040730805324,41.656865561295795],[-72.881060945693235,41.657012119233102],[-72.881081160581132,41.657158677170415],[-72.88105083824928,41.65730776196871],[-72.881020515917413,41.657456846767012],[-72.880969978697323,41.657671629950826],[-72.880959871253367,41.65778786555628],[-72.88095481753156,41.657925579480214],[-72.880949763809753,41.658063293404147],[-72.880975032419627,41.658305872058996],[-72.881000301029502,41.658538343269896],[-72.881025569639391,41.658770814480803],[-72.881028938787381,41.658996547395738],[-72.881032307935357,41.659222280310679],[-72.881035677083347,41.659448013225614],[-72.881009739833672,41.659681254512364],[-72.880983802583984,41.659914495799121],[-72.880938244060644,41.660091934258482],[-72.88089268553729,41.660269372717842],[-72.880811159758665,41.660439617726148],[-72.880729633980039,41.660609862734454],[-72.880552195520679,41.660776111381061],[-72.880374757061318,41.660942360027668],[-72.880197318601958,41.661108608674276],[-72.879935956546973,41.661278853682582],[-72.879674594491973,41.661449098690888],[-72.879420425888014,41.661571387358833],[-72.879166257284055,41.661693676026772],[-72.878904895229056,41.661791986524527],[-72.878643533174042,41.661890297022282],[-72.87839176238711,41.661957435898799],[-72.878139991600179,41.662024574775309],[-72.877838007409807,41.662122068087889],[-72.87753602321942,41.662219561400462],[-72.877234039029048,41.662317054713043],[-72.876932054838676,41.662414548025623],[-72.876640960452846,41.662495407577239],[-72.876349866067017,41.662576267128863],[-72.876058771681201,41.662657126680479],[-72.875767677295372,41.662737986232102],[-72.875476582909542,41.662818845783718],[-72.875216877713115,41.66292480079295],[-72.874957172516673,41.663030755802183],[-72.874697467320232,41.663136710811415],[-72.874437762123804,41.663242665820647],[-72.874212367324077,41.663434491182123],[-72.873986972524349,41.663626316543599],[-72.873863586090337,41.663788410565601],[-72.873740199656325,41.663950504587611],[-72.873616813222313,41.664112598609613],[-72.873443120735345,41.664329680181226],[-72.873269428248364,41.664546761752838],[-72.873095735761396,41.664763843324451],[-72.872922043274428,41.664980924896064],[-72.872748350787447,41.665198006467676],[-72.872574658300479,41.665415088039289],[-72.872441579455966,41.665599719949704],[-72.872308500611439,41.665784351860125],[-72.872175421766912,41.66596898377054],[-72.872042342922398,41.666153615680955],[-72.871879055614912,41.666356140628366],[-72.871715768307411,41.666558665575778],[-72.871552480999924,41.666761190523189],[-72.871381696810786,41.666992969065703],[-72.871210912621649,41.667224747608216],[-72.871042568206605,41.667458965924801],[-72.870880729855884,41.66767529256439],[-72.870718891505149,41.667891619203985],[-72.870557053154428,41.668107945843573],[-72.870448699127451,41.668327709306048],[-72.870340345100473,41.668547472768523],[-72.870231991073496,41.668767236230998],[-72.870066168164229,41.66897314410808],[-72.869900345254976,41.669179051985168],[-72.869734522345709,41.669384959862249],[-72.869568699436442,41.669590867739331],[-72.869402876527175,41.669796775616412],[-72.869237053617923,41.6700026834935],[-72.869071230708656,41.670208591370582],[-72.868849211262727,41.670387508140195],[-72.868627191816799,41.670566424909815],[-72.868405172370871,41.670745341679428],[-72.868183152924928,41.670924258449041],[-72.867961133479,41.671103175218661],[-72.867739114033071,41.671282091988274],[-72.867589799856248,41.671473370280154],[-72.867440485679424,41.671664648572033],[-72.867291171502586,41.67185592686392],[-72.867141857325763,41.672047205155799],[-72.866992543148939,41.672238483447678],[-72.866905931167281,41.672370231250767],[-72.866819319185623,41.672501979053848],[-72.866683911721353,41.672614208663887],[-72.866548504257082,41.672726438273919],[-72.866409437131608,41.67281305025557],[-72.866270370006134,41.672899662237228],[-72.866087386946305,41.673009452073131],[-72.865764897537375,41.67306178050314],[-72.865442408128445,41.673114108933142],[-72.865119918719529,41.67316643736315],[-72.864797429310599,41.673218765793159],[-72.864474939901669,41.673271094223168],[-72.864152450492739,41.673323422653169],[-72.863829961083809,41.673375751083178],[-72.863507471674893,41.673428079513187],[-72.863184982265963,41.673480407943188],[-72.862862492857033,41.673532736373197],[-72.862602226175085,41.67363507424313],[-72.862341959493136,41.673737412113063],[-72.862097696264399,41.67383090596968],[-72.861853433035677,41.673924399826291],[-72.86160916980694,41.674017893682908],[-72.861408500338243,41.674189355314503],[-72.86120783086956,41.674360816946106],[-72.861007161400863,41.674532278577701],[-72.860806491932166,41.674703740209296],[-72.860605822463484,41.674875201840898],[-72.860405152994787,41.675046663472493],[-72.860205091516036,41.67522964653233],[-72.860005030037286,41.675412629592159],[-72.859804968558535,41.675595612651996],[-72.859604907079785,41.675778595711833],[-72.859454454341687,41.675996548867545],[-72.859304001603604,41.676214502023264],[-72.859153548865507,41.676432455178976],[-72.859042945771563,41.676627637109462],[-72.858932342677619,41.676822819039955],[-72.858821739583675,41.677018000970442],[-72.858741227037342,41.677200984030279],[-72.858660714491023,41.677383967090108],[-72.858593699084068,41.677560529662109],[-72.858526683677113,41.677737092234111],[-72.8584851562578,41.677887744369173],[-72.858443628838486,41.678038396504235],[-72.858378371465264,41.678290959290905],[-72.858319046580533,41.678521366170166],[-72.858259721695788,41.678751773049427],[-72.858271586672743,41.678960023664636],[-72.858283451649697,41.679168274279853],[-72.858295316626652,41.679376524895062],[-72.858330911557488,41.679595850858561],[-72.858366506488338,41.679815176822061],[-72.858434730105785,41.680012347371729],[-72.858502953723217,41.680209517921391],[-72.858605011961401,41.680420412190031],[-72.8587070701996,41.680631306458665],[-72.858733907715049,41.680809409970237],[-72.858760745230484,41.680987513481803],[-72.858746106585698,41.68117049654164],[-72.858731467940913,41.681353479601476],[-72.858665594039365,41.681509625145864],[-72.858599720137832,41.681665770690259],[-72.858443574593437,41.681824356008782],[-72.858287429049042,41.681982941327306],[-72.858094686892684,41.682114689130387],[-72.857901944736327,41.682246436933468],[-72.857615132870876,41.682393252858141],[-72.857328321005411,41.682540068782814],[-72.857099920199175,41.682677417859239],[-72.856871519392939,41.682814766935671],[-72.856716162351034,41.682909747909704],[-72.856560805309115,41.683004728883738],[-72.856416942463625,41.683150938281067],[-72.856339820113476,41.683297147346167],[-72.85630422518264,41.683395727513151],[-72.856307191426851,41.683498738088076],[-72.856320539525925,41.68354858185544],[-72.856355392895722,41.683621132158947],[-72.856438447734348,41.683864811968874],[-72.856444380222825,41.684130643436291],[-72.856361325384185,41.684374321316618],[-72.856271614679059,41.684505868449349],[-72.856181903973933,41.684637415582088],[-72.856081775047898,41.684793849564578],[-72.855981646121876,41.684950283547067],[-72.855801976470957,41.685165474744352],[-72.855622306820038,41.685380665941643],[-72.855442637169119,41.685595857138928],[-72.8552629675182,41.685811048336213],[-72.855083297867282,41.686026239533497],[-72.854903628216363,41.686241430730789],[-72.854723958565444,41.686456621928073],[-72.85451434397271,41.686636788190171],[-72.854304729379962,41.686816954452276],[-72.854095114787228,41.686997120714381],[-72.853885500194494,41.687177286976478],[-72.853675885601746,41.687357453238576],[-72.853466271009012,41.687537619500681],[-72.853379261178063,41.68772664397752],[-72.853292251347114,41.687915668454366],[-72.853205241516164,41.688104692931205],[-72.853110321700584,41.688293715741906],[-72.853015401885017,41.688482738552601],[-72.852920482069436,41.688671761363302],[-72.852817652269223,41.688872596274074],[-72.852714822469011,41.689073431184852],[-72.852611992668798,41.689274266095623],[-72.852410288060696,41.68946919200318],[-72.85220858345258,41.689664117910738],[-72.852006878844477,41.689859043818302],[-72.851805174236375,41.690053969725859],[-72.851716186909243,41.690088303049166],[-72.851429449966361,41.690200901256922],[-72.851142713023464,41.690313499464679],[-72.850855976080581,41.690426097672436],[-72.850533901136529,41.690509275473566],[-72.850211826192478,41.690592453274704],[-72.849889751248426,41.690675631075834],[-72.849567676304375,41.690758808876964],[-72.849387946276721,41.690923087001792],[-72.849208216249053,41.691087365126627],[-72.8490284862214,41.691251643251455],[-72.848924389191808,41.69146471685891],[-72.848820292162202,41.691677790466358],[-72.84871619513261,41.691890864073812],[-72.848635418876029,41.692124609231712],[-72.848554642619447,41.692358354389604],[-72.848473866362866,41.692592099547504],[-72.848393090106299,41.692825844705403],[-72.848312313849718,41.693059589863303],[-72.848231537593136,41.693293335021195],[-72.848150761336555,41.693527080179095],[-72.847925326774543,41.693735282638031],[-72.847699892212546,41.693943485096966],[-72.847474457650549,41.694151687555909],[-72.847249023088537,41.694359890014844],[-72.847082913411271,41.694594668277169],[-72.846916803734018,41.694829446539494],[-72.846750694056752,41.695064224801818],[-72.846584584379485,41.695299003064143],[-72.846584584379485,41.695316722046485],[-72.846494410554683,41.695564785373179],[-72.846404236729882,41.695812848699873],[-72.84631406290508,41.696060912026574],[-72.846223889080278,41.696308975353269],[-72.846133715255476,41.696557038679963],[-72.846047465999973,41.6968102042825],[-72.84596121674447,41.697063369885043],[-72.845874967488967,41.69731653548758],[-72.84578871823345,41.697569701090124],[-72.845702468977947,41.697822866692661],[-72.845616219722444,41.698076032295205],[-72.845529970466941,41.698329197897742],[-72.845443721211439,41.698582363500286],[-72.845357471955936,41.698835529102823],[-72.845271222700418,41.699088694705367],[-72.845184973444915,41.699341860307904],[-72.845098724189413,41.699595025910448],[-72.84501247493391,41.699848191512984],[-72.844975531710233,41.70011414672274],[-72.844938588486556,41.700380101932488],[-72.84490164526288,41.700646057142237],[-72.844864702039203,41.700912012351992],[-72.844827758815526,41.701177967561748],[-72.84479081559185,41.701443922771496],[-72.844753872368173,41.701709877981244],[-72.844716929144496,41.701975833191],[-72.84467998592082,41.702241788400755],[-72.844643042697143,41.702507743610504],[-72.844606099473467,41.702773698820252],[-72.84456915624979,41.703039654030007],[-72.844532213026113,41.703305609239763],[-72.844495269802437,41.703571564449511],[-72.84445832657876,41.70383751965926],[-72.844421383355083,41.704103474869015],[-72.844384440131407,41.704369430078771],[-72.84434749690773,41.704635385288519],[-72.844310553684053,41.704901340498267],[-72.844273610460377,41.705167295708023],[-72.8442366672367,41.705433250917778],[-72.844199724013023,41.705699206127527],[-72.844164129082188,41.705929514853864],[-72.844128534151352,41.706159823580208],[-72.844136444135984,41.706387177610189],[-72.844144354120616,41.70661453164017],[-72.844152264105247,41.706841885670151],[-72.844110736685934,41.707103192724006],[-72.844069209266621,41.707364499777853],[-72.844013839374199,41.707553465989633],[-72.843958469481777,41.707742432201407],[-72.843903099589355,41.707931398413187],[-72.843916942062449,41.708177937762464],[-72.843930784535544,41.708424477111734],[-72.843944627008639,41.708671016461011],[-72.843999205902591,41.708883598308866],[-72.844053784796557,41.709096180156713],[-72.844108363690509,41.709308762004568],[-72.844162942584475,41.709521343852415],[-72.844217521478427,41.70973392570027],[-72.844271919819505,41.709910884818655],[-72.844326318160597,41.710087843937039],[-72.844380716501675,41.710264803055423],[-72.844448922922382,41.710442141158758],[-72.844517129343103,41.710619479262093],[-72.84458533576381,41.710796817365427],[-72.844675768289108,41.710974849102286],[-72.844766200814391,41.711152880839151],[-72.844846713360738,41.711365141188558],[-72.844888189520972,41.711604239053415],[-72.844877210537391,41.711746965840085],[-72.844866231553794,41.711889692626755],[-72.844844433428278,41.712034121441746],[-72.844822635302762,41.712178550256745],[-72.844767580543134,41.71236349094945],[-72.844712525783521,41.712548431642155],[-72.844621034253606,41.712732634589059],[-72.844529542723691,41.712916837535957],[-72.844444721962773,41.713045905674619],[-72.844359901201855,41.713174973813288],[-72.844158196593753,41.713396399172666],[-72.843873437146968,41.713471683621108],[-72.843588677700225,41.713566157959441],[-72.843303918253497,41.713660632297781],[-72.843019158806754,41.713755106636114],[-72.842821409190975,41.713918959578869],[-72.842623659575196,41.714082812521617],[-72.842425909959417,41.714246665464373],[-72.84224793530521,41.714379518419136],[-72.842069960650988,41.714512371373893],[-72.841824751127405,41.714680650774554],[-72.841579541603835,41.714848930175208],[-72.841334332080251,41.715017209575869],[-72.841074822554006,41.715158989962475],[-72.840812273094571,41.715274055560243],[-72.840515648670873,41.71537590791327],[-72.84021902424719,41.715477760266289],[-72.83998963469287,41.71557518388024],[-72.839760245138564,41.715672607494191],[-72.839530855584243,41.715770031108143],[-72.839291578549137,41.71595897261183],[-72.839052301514016,41.716147914115524],[-72.83881302447891,41.716336855619211],[-72.838689925343076,41.716569339527958],[-72.838566826207256,41.716801823436697],[-72.838443727071422,41.717034307345443],[-72.838320627935587,41.71726679125419],[-72.838265258043165,41.717529531461203],[-72.838209888150743,41.717792271668223],[-72.838154518258321,41.718055011875236],[-72.838162428242953,41.71831479677676],[-72.838170338227584,41.71857458167829],[-72.838178248212216,41.718834366579813],[-72.838118923327471,41.719038059678681],[-72.838059598442726,41.719241752777556],[-72.837935016184787,41.719370167328435],[-72.837810433926848,41.719498581879307],[-72.837655002728837,41.719684559856468],[-72.837499571530827,41.719870537833636],[-72.837344140332803,41.720056515810796],[-72.837188709134793,41.720242493787964],[-72.837033277936783,41.720428471765125],[-72.836852337038323,41.720579023570977],[-72.836671396139877,41.720729575376822],[-72.836490455241432,41.720880127182674],[-72.836309514342972,41.721030678988527],[-72.83611967471181,41.72114580599122],[-72.835929835080663,41.721260932993907],[-72.835739995449501,41.721376059996601],[-72.835523459620205,41.72150225606859],[-72.83530692379091,41.721628452140578],[-72.835090387961628,41.721754648212567],[-72.834873852132333,41.721880844284556],[-72.834630620104917,41.721973830364128],[-72.834387388077488,41.7220668164437],[-72.834185683469386,41.722190797584105],[-72.833900924022643,41.722314778365693],[-72.833616164575901,41.722438759147281],[-72.833426324944739,41.722553883627235],[-72.833236485313591,41.722669008107189],[-72.83304664568243,41.722784132587144],[-72.832833076097373,41.722916967619341],[-72.832619506512316,41.723049802651531],[-72.832405936927273,41.723182637683728],[-72.832192367342216,41.723315472715925],[-72.831975831512921,41.723503653797884],[-72.831759295683625,41.723691834879844],[-72.831542759854329,41.723880015961804],[-72.831326224025034,41.724068197043763],[-72.831174945568961,41.724238665062011],[-72.831023667112873,41.724409133080258],[-72.830872388656786,41.724579601098512],[-72.830721110200713,41.724750069116759],[-72.830616718171399,41.724950336825529],[-72.83051232614207,41.725150604534299],[-72.830407934112742,41.725350872243069],[-72.830303542083428,41.72555113995184],[-72.830262779194101,41.725697406789962],[-72.830222016304788,41.725843673628077],[-72.830160871970804,41.725987542649186],[-72.830099727636835,41.726131411670295],[-72.829930681537036,41.72625250142972],[-72.829761635437251,41.726373591189144],[-72.8295828665984,41.726465071771671],[-72.82940409775955,41.726556552354204],[-72.829107473335853,41.72666576603018],[-72.82881084891217,41.72677497970615],[-72.828514224488472,41.726884193382126],[-72.828199802599372,41.726844345225892],[-72.827885380710271,41.726804497069658],[-72.827632261202055,41.726810400503062],[-72.827379141693839,41.726816303936459],[-72.827126022185624,41.726822207369864],[-72.826902960619009,41.72696743099084],[-72.826679899052394,41.727112654611823],[-72.826456837485779,41.727257878232798],[-72.826233775919164,41.727403101853781],[-72.826010714352549,41.727548325474757],[-72.825737819882761,41.727698861127976],[-72.825453060436033,41.727734281230418],[-72.825235906905476,41.72772232770366],[-72.825018753374906,41.727710374176908],[-72.824754993502879,41.727676804738657],[-72.82454398560526,41.727854243198017],[-72.824332977707655,41.728031681657377],[-72.824121969810037,41.728209120116738],[-72.823994885508057,41.728309828431506],[-72.823867801206092,41.728410536746281],[-72.823699954014799,41.728571989758855],[-72.823532106823521,41.728733442771421],[-72.823364259632228,41.728894895783995],[-72.823249164415344,41.729056348796568],[-72.82313406919846,41.729217801809135],[-72.823018973981576,41.729379254821708],[-72.8229566307391,41.729599853987395],[-72.822894287496624,41.729820453153089],[-72.822749409130822,41.730028326141962],[-72.822604530765005,41.730236199130836],[-72.822459652399203,41.73044407211971],[-72.822314774033401,41.730651945108583],[-72.822180304294676,41.730842318613966],[-72.822045834555936,41.731032692119349],[-72.821911364817211,41.731223065624732],[-72.82181644500163,41.731423767642539],[-72.821721525186049,41.731624469660346],[-72.821626605370469,41.731825171678153],[-72.821545923527225,41.732080177574737],[-72.821465241683981,41.732335183471328],[-72.821384559840752,41.732590189367912],[-72.821303877997508,41.732845195264503],[-72.821223196154264,41.733100201161086],[-72.82115991627721,41.733300897313818],[-72.821096636400156,41.733501593466549],[-72.821033356523102,41.733702289619281],[-72.820974031638372,41.73389708144029],[-72.820914706753626,41.734091873261292],[-72.820853623351098,41.73428579377363],[-72.820792539948556,41.734479714285968],[-72.820731456546028,41.734673634798305],[-72.820664317669511,41.734887040512945],[-72.820597178792994,41.735100446227584],[-72.820575598439845,41.73528028250395],[-72.820554018086696,41.735460118780324],[-72.820551620269683,41.735711889567256],[-72.820549222452669,41.73596366035418],[-72.820577996256887,41.736229018770885],[-72.820606770061104,41.736494377187583],[-72.820635543865322,41.736759735604288],[-72.820666181386542,41.737014931772741],[-72.820696818907763,41.737270127941187],[-72.820727456428983,41.73752532410964],[-72.820758093950204,41.737780520278086],[-72.820788731471424,41.738035716446539],[-72.820789004154491,41.738188834547245],[-72.820731456546042,41.738452594419265],[-72.82065232858443,41.738610850342482],[-72.820573200622832,41.738769106265693],[-72.820414944699621,41.738984909797345],[-72.820287857635265,41.739220693890658],[-72.820160770570908,41.739456477983978],[-72.820097974480859,41.739625242475995],[-72.820035178390796,41.739794006968012],[-72.819997724538425,41.739953627872779],[-72.819995930834509,41.740100137907014],[-72.820043027902059,41.740343472755967],[-72.820113673503357,41.740586807604927],[-72.820141146792764,41.7407359483188],[-72.820168620082157,41.740885089032673],[-72.820168620082143,41.741073477302834],[-72.820176469593406,41.741230467527963],[-72.820168620082143,41.741411006286867],[-72.820160770570894,41.741575846023252],[-72.820160770570894,41.741842729405974],[-72.820148996303999,41.741984020608598],[-72.820137222037118,41.742125311811215],[-72.820129372525869,41.742329399103888],[-72.820129372525869,41.742580583464097],[-72.820105823992094,41.742792520268019],[-72.820066576435821,41.742925961959379],[-72.820058726924557,41.743090801695764],[-72.820019479368284,41.743259566187781],[-72.819980231811996,41.743428330679798],[-72.819933134744446,41.743624568461215],[-72.819886037676909,41.743820806242624],[-72.819815392075597,41.744017044024041],[-72.819815392075597,41.744126937181633],[-72.819791843541836,41.744307475940538],[-72.819736896963036,41.744511563233203],[-72.819697649406748,41.744660703947083],[-72.8196348533167,41.744864791239749],[-72.819556358204139,41.745068878532422],[-72.819422916512778,41.74524156778007],[-72.819360120422715,41.745398558005199],[-72.819289474821417,41.745579096764097],[-72.819273775798905,41.745806732590538],[-72.819281625310154,41.746042217928235],[-72.819297324332666,41.746222756687139],[-72.819375819445241,41.746473941047348],[-72.81943861553529,41.746725125407558],[-72.819509261136616,41.746858567098911],[-72.819540659181641,41.746944911722736],[-72.819540659181641,41.747062654391584],[-72.819556358204153,41.747172547549177],[-72.819556358204153,41.747313838751793],[-72.819564207715416,41.74745512995441],[-72.819524960159129,41.747659217247083],[-72.819501411625353,41.747792658938444],[-72.819485712602841,41.74794964916358],[-72.819470013580329,41.748012445253629],[-72.819446465046568,41.748138037433733],[-72.819415067001543,41.748263629613845],[-72.819375819445256,41.748506964462798],[-72.819320872866456,41.748734600289239],[-72.819305173843944,41.748915139048137],[-72.819281625310182,41.749072129273266],[-72.819265926287656,41.74919772145337],[-72.819203130197607,41.749417507768555],[-72.819148183618807,41.749574497993692],[-72.819061838994998,41.749700090173796],[-72.818975494371173,41.749841381376413],[-72.818918585414551,41.750037619157837],[-72.818898961636421,41.750224045050182],[-72.818879337858277,41.750410470942526],[-72.818824391279477,41.750645956280223],[-72.818808692256965,41.750912839662945],[-72.818761595189429,41.751164024023154],[-72.818738046655668,41.751321014248283],[-72.818722347633155,41.751532951052212],[-72.818659551543092,41.751744887856141],[-72.818581056430531,41.751933276126302],[-72.818486862295458,41.752098115862687],[-72.818479012784195,41.752098115862687],[-72.818439765227907,41.752255106087816],[-72.818384818649122,41.752412096312952],[-72.818353420604083,41.752545538004313],[-72.818329872070322,41.752655431161905],[-72.818337721581571,41.752804571875778],[-72.818361270115346,41.752945863078395],[-72.818376969137859,41.753102853303531],[-72.818408367182883,41.753346188152484],[-72.818447614739171,41.753573823978925],[-72.818457426628228,41.753695491403406],[-72.818459389006051,41.753787723160677],[-72.818482937539827,41.753921164852038],[-72.818506486073588,41.754062456054662],[-72.818561432652388,41.754172349212254],[-72.818616379231187,41.754297941392359],[-72.818687024832499,41.754407834549951],[-72.818762576378447,41.754527539596566],[-72.818829297224127,41.754621733731646],[-72.818880319047295,41.754719852622351],[-72.818939190381727,41.754802272490544],[-72.819017685494288,41.754868993336224],[-72.819092255851231,41.754920015159392],[-72.81915505194128,41.754982811249448],[-72.819241396565104,41.755029908316985],[-72.819344421400345,41.755098591540481],[-72.819414085812753,41.755132933152225],[-72.819518091836898,41.755178067841953],[-72.819637796883555,41.755217315398234],[-72.819764370252571,41.755257544143412],[-72.819921360477707,41.755294829321883],[-72.820046952657819,41.755326227366908],[-72.820178431971357,41.755365474923195],[-72.820323647929612,41.7554086472351],[-72.82061571516094,41.755491394166263],[-72.820907782392283,41.755574141097433],[-72.821199849623611,41.755656888028597],[-72.821491916854939,41.75573963495976],[-72.821783984086281,41.75582238189093],[-72.822076051317609,41.755905128822093],[-72.822289950499353,41.755962037778701],[-72.822503849681098,41.756018946735317],[-72.822784469708509,41.756119028003845],[-72.822972857978655,41.756185748849525],[-72.823143584848495,41.75625050731739],[-72.823365333541489,41.756330964807766],[-72.823488963343777,41.756364325230606],[-72.823598856501377,41.756391798520006],[-72.823673426858306,41.756407497542519],[-72.823773508126834,41.756419271809406],[-72.8238951755513,41.756433008454103],[-72.824007031086708,41.756438895587543],[-72.824101225221796,41.756440857965359],[-72.824203268868132,41.756438895587543],[-72.824373995737972,41.756434970831933],[-72.824523136451845,41.756442820343189],[-72.824642841498502,41.756434970831933],[-72.824768433678614,41.756421234187236],[-72.824872439702759,41.756415347053789],[-72.825031392305704,41.75641338467598],[-72.825096150773575,41.756399648031277],[-72.825209968686792,41.756393760897836],[-72.825339485622521,41.756387873764396],[-72.825539648159534,41.75638198663097],[-72.825657390828383,41.756366287608458],[-72.825822230564782,41.756358438097202],[-72.825987070301167,41.756334889563426],[-72.826206856616352,41.756311341029658],[-72.826371696352737,41.756311341029658],[-72.826528686577873,41.756311341029658],[-72.826638579735459,41.756311341029658],[-72.826795569960595,41.756311341029658],[-72.826952560185717,41.756323115296539],[-72.827082077121446,41.75632704005217],[-72.827227293079702,41.756342739074682],[-72.827341110992919,41.756362362852826],[-72.827466703173016,41.756393760897851],[-72.827564822063735,41.756433008454131],[-72.827698263755096,41.756484030277299],[-72.827792457890169,41.75655075112298],[-72.827945523359674,41.756695967081228],[-72.828059341272905,41.756868656328876],[-72.828106438340441,41.756966775219581],[-72.828177083941753,41.75711199117783],[-72.82823595527617,41.757225809091047],[-72.828322299899995,41.757343551759895],[-72.828447892080106,41.757441670650607],[-72.828581333771467,41.757520165763168],[-72.828675527906526,41.757567262830719],[-72.828820743864767,41.757626134165143],[-72.828954185556128,41.757649682698911],[-72.829111175781264,41.757677155988311],[-72.829248542228257,41.757688930255199],[-72.829385908675249,41.757708554033336],[-72.829484027565954,41.757728177811479],[-72.829578221701027,41.757763500612135],[-72.829680265347363,41.757826296702184],[-72.829770534726819,41.757936189859777],[-72.829876503128787,41.758073556306769],[-72.82997069726386,41.758214847509386],[-72.83002564384266,41.758340439689491],[-72.830088439932709,41.758450332847069],[-72.830119837977733,41.758583774538437],[-72.830135537000245,41.758736840007934],[-72.830127687488996,41.75886635694367],[-72.830108063710853,41.759023347168799],[-72.830076665665828,41.759176412638304],[-72.830037418109555,41.759349101885945],[-72.829998170553267,41.759486468332938],[-72.829947148730099,41.759725878426259],[-72.829911825929443,41.759937815230188],[-72.829880427884419,41.760051633143412],[-72.829845105083763,41.760251795680453],[-72.829790158504963,41.760444108706238],[-72.829746986193058,41.760589324664487],[-72.829660641569234,41.760785562445903],[-72.829629243524209,41.760871907069721],[-72.829588033590113,41.760995536872009],[-72.829562522678529,41.76106225771769],[-72.829542898900385,41.761150564719323],[-72.829540936522562,41.761236909343147],[-72.829570372189778,41.761317366833524],[-72.829609619746066,41.761380162923579],[-72.829676340591746,41.761450808524891],[-72.829772497104642,41.761525378881828],[-72.829847067461571,41.761564626438108],[-72.829954998241362,41.761611723505652],[-72.830119837977762,41.761654895817564],[-72.830327850026052,41.761717691907613],[-72.830528012563093,41.761760864219525],[-72.830737986989206,41.761804036531437],[-72.830947961415319,41.761847208843349],[-72.831167747730504,41.761890381155261],[-72.831362023134105,41.761931591089358],[-72.831556298537706,41.761972801023454],[-72.831866354232346,41.76203559711351],[-72.832129312859436,41.762090543692302],[-72.832376572464028,41.762172963560495],[-72.832513938911006,41.762286781473719],[-72.832604208290462,41.762384900364424],[-72.832663079624879,41.76251441730016],[-72.832678778647406,41.762600761923977],[-72.832659154869262,41.762698880814689],[-72.83264345584675,41.762796999705394],[-72.832580659756701,41.76289904335173],[-72.832513938911021,41.762989312731179],[-72.832427594287196,41.763071732599371],[-72.832360873441516,41.76312275442254],[-72.832262754550811,41.763173776245708],[-72.832145011881963,41.763264045625156],[-72.832027269213114,41.763322916959588],[-72.831913451299883,41.763397487316524],[-72.831760385830393,41.763491681451598],[-72.831677965962186,41.763574101319797],[-72.831571997560232,41.763636897409846],[-72.831497427203288,41.763695768744284],[-72.831462104402632,41.763774263856845],[-72.831418932090727,41.763852758969414],[-72.831383609290071,41.763950877860118],[-72.831371835023191,41.76404899675083],[-72.831352211245047,41.76414319088591],[-72.831344361733784,41.764237385020984],[-72.831324737955654,41.764343353422952],[-72.83131296368876,41.764425773291144],[-72.831303151799688,41.764561177360321],[-72.831305114177496,41.764714242829825],[-72.83132473795564,41.764865345921514],[-72.831332587466889,41.765002712368499],[-72.831352211245033,41.765087094614508],[-72.831397345934761,41.765212686794612],[-72.83146014202481,41.765334354219085],[-72.831501351958906,41.765440322621053],[-72.831558260915529,41.765524704867062],[-72.831617132249946,41.765618899002142],[-72.831689740229066,41.765728792159734],[-72.831768235341627,41.76583868531732],[-72.83184476807638,41.765964277497424],[-72.8319173760555,41.766038847854361],[-72.831974285012123,41.766111455833482],[-72.832056704880316,41.766182101434794],[-72.832127350481628,41.766233123257962],[-72.832227431750141,41.766329279770851],[-72.832339287285549,41.766425436283747],[-72.832433481420637,41.766509818529755],[-72.832535525066973,41.766576539375436],[-72.832684665780846,41.766643260221116],[-72.832806333205312,41.766717830578052],[-72.832900527340399,41.766784551423733],[-72.833012382875808,41.766857159402861],[-72.833120313655584,41.766945466404493],[-72.833224319679729,41.767055359562086],[-72.833332250459506,41.767139741808094],[-72.833422519838962,41.76723589832099],[-72.833524563485298,41.767347753856399],[-72.833591284330979,41.767438023235847],[-72.833652118043219,41.767532217370928],[-72.833691365599506,41.767602862972232],[-72.833718838888899,41.767669583817913],[-72.833769860712067,41.767742191797041],[-72.833795371623637,41.767797138375833],[-72.833838543935556,41.767893294888729],[-72.8338581677137,41.76797179000129],[-72.833903302403414,41.768065984136371],[-72.833950399470964,41.768150366382379],[-72.833995534160678,41.768238673384019],[-72.834046555983846,41.76833875465254],[-72.834056367872918,41.768397625986964],[-72.834050480739506,41.768472196343922],[-72.834007308427601,41.768570315234626],[-72.833901340025633,41.768735154971019],[-72.833846393446834,41.768837198617355],[-72.833756124067392,41.769017737376252],[-72.833658005176687,41.769178652357013],[-72.833614832864768,41.769268921736462],[-72.833516713974063,41.769449460495366],[-72.833434294105871,41.769622149743007],[-72.833367573260176,41.769755591434368],[-72.833300852414467,41.769889033125729],[-72.833222357301906,41.770140217485938],[-72.833136012678082,41.770399251357404],[-72.833088915610546,41.770516994026252],[-72.833002570986721,41.77069753278515],[-72.832916226362897,41.770893770566566],[-72.832876978806624,41.771003663724159],[-72.832837731250336,41.771144954926775],[-72.832774935160288,41.77132549368568],[-72.832727838092751,41.771466784888297],[-72.8326807410252,41.771608076090914],[-72.832649342980176,41.77171011973725],[-72.832594396401376,41.771906357518667],[-72.832553840593164,41.772105211803833],[-72.832513284784952,41.772304066088992],[-72.832531600311228,41.772461056314128],[-72.83254991583749,41.772618046539257],[-72.832542066326226,41.772819517328173],[-72.832534216814963,41.773020988117096],[-72.832544682829976,41.773282638492311],[-72.832518517792465,41.773481492777478],[-72.83249235275494,41.773680347062651],[-72.832479270236178,41.773824254769025],[-72.832466187717415,41.773968162475391],[-72.832466187717415,41.774177482775571],[-72.832497585762439,41.774376337060737],[-72.832591779897513,41.774569958338397],[-72.832717372077624,41.774706016533514],[-72.832874362302761,41.774847307736131],[-72.832968556437834,41.774899637811174],[-72.83306798358042,41.774951967886217],[-72.833282536888092,41.775025229991279],[-72.833491857188278,41.775145589163884],[-72.833664546435912,41.775271181343989],[-72.833800604631037,41.775365375479069],[-72.833973293878671,41.775558996756729],[-72.834057021998746,41.775695054951846],[-72.834240177261407,41.775899142244512],[-72.834348059939046,41.776016795829491],[-72.834493127868654,41.776121100869787],[-72.834706533583301,41.776196632105865],[-72.834842010244842,41.776217013550522],[-72.835072225454596,41.776307316829858],[-72.835292011769781,41.776448608032474],[-72.835385115799497,41.776497558141671],[-72.835469638849403,41.776552108478839],[-72.835590293197541,41.776689326377671],[-72.83570018635514,41.776835850587794],[-72.835781297971465,41.776971908782905],[-72.835854560076527,41.777107966978022],[-72.835917356166561,41.777296355248176],[-72.835946137707836,41.777448112465805],[-72.835943521204086,41.777599869683435],[-72.835930438685324,41.777707146337271],[-72.8358990406403,41.777845821036138],[-72.83584147755775,41.778023743291293],[-72.835762982445189,41.77817026750143],[-72.83564785628009,41.778353422764084],[-72.83550656507748,41.778541811034245],[-72.835420220453656,41.778670019718106],[-72.835333875829832,41.778798228401961],[-72.835203050642221,41.778918587574566],[-72.835082691469623,41.77904941276217],[-72.834894303199462,41.779227335017325],[-72.834794876056876,41.779326762159904],[-72.834705914929302,41.779478519377534],[-72.834637885831739,41.779593645542633],[-72.834559390719178,41.779771567797781],[-72.834543691696666,41.779881460955366],[-72.83449659462913,41.780043684188009],[-72.834478279102868,41.780174509375605],[-72.834454730569092,41.780276553021942],[-72.834420716020318,41.78035504813451],[-72.834371002449018,41.780430926743321],[-72.834356611678388,41.780447934017708],[-72.834327830137113,41.780502880596508],[-72.834301665099588,41.780549977664052],[-72.834293815588339,41.780607540746594],[-72.834283349573326,41.780654637814138],[-72.834283349573326,41.780699118377925],[-72.834293815588339,41.780772380482986],[-72.834325213633363,41.780845642588048],[-72.834382776715913,41.780926754204366],[-72.834453422317225,41.781031414354452],[-72.834505752392261,41.781083744429502],[-72.834565931978574,41.781146540519551],[-72.834715072692447,41.781285215218418],[-72.834788334797508,41.781382025857255],[-72.834945325022645,41.781596579164933],[-72.835083999721505,41.781808515968869],[-72.835154645322817,41.781989054727774],[-72.835212208405366,41.782119879915385],[-72.835243606450391,41.782232389576727],[-72.835277620999179,41.782365831268095],[-72.835293320021677,41.782507122470712],[-72.835282854006664,41.782711209763384],[-72.835261921976652,41.782818486417227],[-72.835230523931628,41.782917913559814],[-72.835199125886604,41.783033039724913],[-72.835152028819053,41.783187413446292],[-72.835125863781542,41.783336554160165],[-72.835112781262779,41.783590355024131],[-72.83511016475903,41.783807524835566],[-72.835099698744017,41.783961898556953],[-72.835093291500485,41.784024984014337],[-72.835078766714005,41.784163369345869],[-72.835039519157718,41.78429419453348],[-72.834979339571419,41.784506131337409],[-72.834942708518895,41.784631723517521],[-72.834920468236987,41.784784788987025],[-72.834898227955094,41.784937854456537],[-72.834892994947595,41.785168106786735],[-72.834898227955094,41.785319864004364],[-72.834903460962593,41.785471621221994],[-72.834934859007632,41.785717572574704],[-72.834961024045143,41.78591642685987],[-72.834950558030144,41.78612574716005],[-72.834887761940081,41.786303669415197],[-72.83480926682752,41.786481591670352],[-72.834741237729958,41.78661764986547],[-72.834620878557359,41.786785106105611],[-72.834484820362249,41.786978727383278],[-72.834364461189637,41.787135717608415],[-72.834244102017024,41.787292707833551],[-72.8341028108144,41.787533426178754],[-72.834003383671813,41.787706115426403],[-72.83390918953674,41.787855256140269],[-72.833896107017978,41.788012246365405],[-72.833918347299885,41.788137838545509],[-72.834011233183091,41.788281746251883],[-72.834210087468279,41.788498916063325],[-72.834344463213398,41.788640702976423],[-72.834555471111017,41.788818141435783],[-72.834730511753364,41.788938032286701],[-72.834888767676546,41.789101083843953],[-72.834979339571433,41.789231537113949],[-72.835065933560003,41.789395302004209],[-72.835152527548573,41.789559066894462],[-72.835248440229307,41.789738903170836],[-72.835320374739865,41.789870783106849],[-72.835392309250409,41.790002663042856],[-72.835475033937541,41.790152526606505],[-72.835557758624674,41.790302390170162],[-72.835632090952231,41.790501408982678],[-72.835718412364898,41.790738792867494],[-72.835785222727111,41.790921798537887],[-72.835806154757137,41.791120652823054],[-72.835827086787148,41.79131950710822],[-72.835807517922788,41.791547677918082],[-72.835787949058428,41.791775848727944],[-72.835802284915275,41.792013415585984],[-72.835816620772135,41.792250982444017],[-72.835827086787148,41.792449836729183],[-72.835827086787148,41.792617292969325],[-72.835816620772135,41.792826613269504],[-72.835806154757137,41.793035933569683],[-72.835769523704599,41.793245253869863],[-72.835732892652061,41.793454574170042],[-72.835685795584524,41.793637729432696],[-72.835638698516988,41.79382088469535],[-72.835607300471963,41.793977874920486],[-72.835575902426939,41.794134865145615],[-72.835523572351889,41.79431278740077],[-72.835471242276839,41.794490709655925],[-72.835424145209288,41.794681714429835],[-72.835377048141737,41.794872719203745],[-72.835343033592963,41.795058490970156],[-72.835309019044189,41.795244262736567],[-72.835282854006664,41.795398636457946],[-72.835256688969139,41.795553010179319],[-72.835220057916601,41.795814660554541],[-72.835183426864063,41.796076310929763],[-72.835131096789013,41.796275165214936],[-72.835078766713977,41.796474019500103],[-72.834974106563891,41.796631009725239],[-72.834869446413791,41.796787999950375],[-72.834796184308729,41.796944990175504],[-72.834722922203667,41.79710198040064],[-72.834618262053581,41.797269436640782],[-72.834513601903495,41.797436892880924],[-72.834408941753409,41.797604349121066],[-72.834304281603323,41.79784506746627],[-72.834199621453223,41.798085785811473],[-72.834168223408199,41.798289873104146],[-72.834136825363174,41.798493960396826],[-72.83410542731815,41.798698047689498],[-72.834074029273125,41.798902134982171],[-72.834032165213088,41.799097500595671],[-72.833990301153051,41.799292866209171],[-72.833948437093014,41.799488231822671],[-72.833880407995451,41.799734183175381],[-72.833812378897903,41.799980134528084],[-72.833744349800341,41.800226085880794],[-72.833676320702779,41.800472037233504],[-72.833618757620229,41.800676124526177],[-72.83356119453768,41.800880211818857],[-72.833455737786636,41.801131482256025],[-72.833351475937036,41.801246565382641],[-72.833247214087422,41.801361648509264],[-72.833118133235644,41.801557014122764],[-72.832989052383866,41.801752379736264],[-72.832859971532088,41.801947745349764],[-72.832744845366989,41.802125667604912],[-72.83262971920189,41.802303589860067],[-72.832514593036791,41.802481512115214],[-72.832425631909217,41.802659434370369],[-72.832336670781643,41.802837356625524],[-72.83224509315032,41.803004812865666],[-72.832153515518996,41.803172269105815],[-72.83205408837641,41.803344958353463],[-72.831954661233823,41.803517647601105],[-72.831781971986175,41.803661555307478],[-72.831609282738526,41.803805463013852],[-72.831471838604244,41.803966416690798],[-72.831334394469948,41.804127370367738],[-72.831196950335666,41.804288324044684],[-72.831072978989127,41.804434433131675],[-72.830949007642587,41.804580542218673],[-72.83080142270623,41.804753216594207],[-72.830653837769887,41.804925890969749],[-72.830554955862524,41.805049862316288],[-72.830456073955162,41.805173833662828],[-72.830364571294623,41.805346508038369],[-72.830273068634085,41.805519182413903],[-72.830191193769451,41.805678814250378],[-72.830109318904803,41.805838446086852],[-72.830082942917599,41.805947546761189],[-72.830071627717416,41.806108878154816],[-72.830060312517219,41.806270209548444],[-72.830089094058494,41.806411500751068],[-72.830117875599768,41.806552791953685],[-72.830144040637279,41.806762112253864],[-72.830159739659791,41.806966199546544],[-72.830184517672279,41.807231167675624],[-72.830194275174648,41.807387830285521],[-72.830204032677031,41.807544492895424],[-72.830194275174648,41.807727275639152],[-72.830184517672279,41.807910058382873],[-72.830107773505375,41.808158001075952],[-72.83006054632574,41.808314441108493],[-72.830013319146104,41.808470881141027],[-72.829942478376637,41.808692258545562],[-72.829871637607184,41.808913635950105],[-72.829821458728816,41.80907893107883],[-72.829771279850462,41.809244226207547],[-72.829703390779741,41.809468555310808],[-72.829635501709021,41.809692884414069],[-72.829598113525137,41.809893599927513],[-72.829560725341253,41.810094315440963],[-72.829523337157369,41.810295030954407],[-72.829468238781132,41.810558716040696],[-72.829413140404881,41.810822401126991],[-72.829358042028645,41.81108608621328],[-72.829358042028645,41.81132222211145],[-72.829358042028645,41.81155835800962],[-72.829358042028645,41.811794493907797],[-72.829358042028645,41.812030629805967],[-72.829344267434578,41.812268733503288],[-72.829330492840526,41.812506837200615],[-72.829316718246474,41.812744940897936],[-72.829302943652408,41.812983044595256],[-72.829289169058342,41.813221148292584],[-72.82927539446429,41.813459251989904],[-72.829291818368333,41.813689054999493],[-72.829308242272376,41.813918858009082],[-72.829324666176404,41.814148661018663],[-72.829341090080447,41.814378464028252],[-72.82935751398449,41.814608267037841],[-72.829397846522468,41.8148563455131],[-72.829438179060446,41.815104423988359],[-72.829478511598424,41.815352502463618],[-72.829518844136402,41.815600580938877],[-72.829559176674366,41.815848659414144],[-72.829599509212343,41.816096737889403],[-72.829639841750321,41.816344816364662],[-72.829680174288299,41.816592894839921],[-72.82965786166406,41.816833827565141],[-72.829635549039821,41.81707476029036],[-72.829613236415582,41.81731569301558],[-72.829590923791343,41.817556625740799],[-72.829568611167105,41.817797558466019],[-72.829457212596139,41.818023498237437],[-72.829345814025189,41.818249438008863],[-72.829234415454223,41.818475377780281],[-72.829123016883273,41.8187013175517],[-72.829011618312308,41.818927257323125],[-72.828900219741342,41.819153197094543],[-72.828788821170392,41.819379136865969],[-72.828677422599426,41.819605076637387],[-72.8285313208372,41.81984814839516],[-72.828385219074974,41.820091220152932],[-72.828239117312762,41.820334291910704],[-72.828093015550536,41.820577363668477],[-72.82794691378831,41.820820435426249],[-72.827701123770936,41.820914709355748],[-72.827455333753562,41.821008983285253],[-72.827209543736203,41.821103257214759],[-72.826963753718829,41.821197531144257],[-72.826643500581028,41.821192039593747],[-72.826323247443241,41.821186548043244],[-72.826002994305441,41.821181056492733],[-72.825711430524791,41.82125824521605],[-72.825419866744141,41.821335433939367],[-72.825128302963492,41.821412622662685],[-72.824836739182842,41.821489811386002],[-72.824676821476103,41.821669577377918],[-72.824516903769364,41.821849343369834],[-72.824356986062639,41.822029109361743],[-72.8241970683559,41.82220887535366],[-72.824048604254799,41.82240574386995],[-72.823900140153683,41.822602612386234],[-72.823751676052581,41.822799480902525],[-72.823603211951479,41.822996349418815],[-72.823431891632652,41.823190128256535],[-72.823260571313824,41.823383907094254],[-72.823089250994983,41.82357768593198],[-72.822917930676155,41.823771464769699],[-72.822762483911234,41.823893756557851],[-72.822607037146312,41.824016048345996],[-72.82247111875671,41.824211061927457],[-72.822335200367093,41.824406075508925],[-72.822242024630995,41.824563240205798],[-72.822106022998781,41.824685518946481],[-72.821970021366567,41.824807797687171],[-72.821921719133712,41.824967741388953],[-72.821873416900871,41.825127685090735],[-72.821910477639989,41.825351786169364],[-72.821947538379092,41.825575887247986],[-72.821998270004798,41.825724233843403],[-72.822049001630489,41.825872580438819],[-72.821990940665629,41.826128641741477],[-72.821932879700768,41.826384703044127],[-72.82187605819378,41.826590334281946],[-72.821819236686807,41.826795965519771],[-72.821762415179819,41.82700159675759],[-72.821684909382,41.827263488644554],[-72.821607403584181,41.827525380531519],[-72.821571787840966,41.827708854059296],[-72.821536172097765,41.827892327587065],[-72.82150055635455,41.828075801114842],[-72.821510147622632,41.828228062495512],[-72.821552109420438,41.828374329333634],[-72.821689415309876,41.828618943065223],[-72.821826721199315,41.828863556796819],[-72.821950188198997,41.8290277829988],[-72.822073655198679,41.829192009200774],[-72.822197122198361,41.829356235402756],[-72.822318211957793,41.829508496783426],[-72.822439301717225,41.829660758164096],[-72.822620736538283,41.829860576248933],[-72.822802171359342,41.830060394333771],[-72.822983606180401,41.830260212418608],[-72.823135467924899,41.830472818860905],[-72.823287329669398,41.830685425303201],[-72.823439191413897,41.830898031745498],[-72.823566275715876,41.831123426545226],[-72.823693360017842,41.831348821344953],[-72.823760498894359,41.831492690366062],[-72.823827637770876,41.831636559387164],[-72.823897174464406,41.831785224042306],[-72.823966711157937,41.831933888697442],[-72.824012269681305,41.832071763176003],[-72.824057828204658,41.832209637654572],[-72.824068618381233,41.832359501218221],[-72.824079408557822,41.83250936478187],[-72.824048236936576,41.832754841299177],[-72.824017065315331,41.833000317816484],[-72.82398229696858,41.833223314799191],[-72.823941534079268,41.833439118330851],[-72.823905566823996,41.833669308764613],[-72.823877991928271,41.833892905201495],[-72.823863605026162,41.834127891269297],[-72.823871337539842,41.834378437305951],[-72.823873196294215,41.834569689055016],[-72.823887583196338,41.834772304593066],[-72.823903169006954,41.834924565973736],[-72.823915158092049,41.835038462282107],[-72.823940335170732,41.835185928028736],[-72.823964313340909,41.835356173037042],[-72.823987492238743,41.835566181844236],[-72.824010671136591,41.835776190651423],[-72.824033850034425,41.835986199458617],[-72.824047038028027,41.83622358334344],[-72.824060226021629,41.836460967228255],[-72.824031452217426,41.836722329283269],[-72.824000280596181,41.836859004853316],[-72.82396910897495,41.836995680423364],[-72.823915158092035,41.83721028504651],[-72.823861207209106,41.837424889669656],[-72.823792869424082,41.837578349958832],[-72.823724531639058,41.837731810248009],[-72.823662188396582,41.837879275994638],[-72.823599845154106,41.838026741741274],[-72.823499136839345,41.83826652344311],[-72.823372052537366,41.838482326974763],[-72.82325216168644,41.838629792721392],[-72.823132270835529,41.838777258468028],[-72.822899682584762,41.838966686012476],[-72.822737829936017,41.839075786686806],[-72.822575977287258,41.839184887361142],[-72.822460126861387,41.839324933131749],[-72.822344276435501,41.839464978902363],[-72.822227735394719,41.83962215750946],[-72.822111194353937,41.839779336116557],[-72.822025815714198,41.839971407469122],[-72.82194043707446,41.840163478821687],[-72.821877004346575,41.84041154167312],[-72.821813571618691,41.840659604524554],[-72.821826496720689,41.840911983900007],[-72.821839421822688,41.84116436327546],[-72.82185128062325,41.841332371708759],[-72.821863139423812,41.841500380142065],[-72.821809812483977,41.841653154925517],[-72.821670019168891,41.841897628310285],[-72.821537864245897,41.842014084685971],[-72.821405709322917,41.842130541061657],[-72.821177321032877,41.842303789114396],[-72.820936217985889,41.842414493192528],[-72.82074193027799,41.842641542658818],[-72.820454123614653,41.842740636847005],[-72.820247942632733,41.842766946454489],[-72.820041761650799,41.842793256061981],[-72.819715026885135,41.842874915812367],[-72.819517636434796,41.842935767516238],[-72.819320245984443,41.842996619220116],[-72.819086890398637,41.843081130262725],[-72.818853534812817,41.843165641305333],[-72.818616305700743,41.843267609870793],[-72.818379076588684,41.843369578436246],[-72.818196326267866,41.843480242071571],[-72.818013575947035,41.843590905706897],[-72.817865838591246,41.843698638887552],[-72.817718101235471,41.843806372068208],[-72.817585974769997,41.843960645552087],[-72.817453848304538,41.84411491903596],[-72.817356726060709,41.844257534393222],[-72.817259603816879,41.844400149750491],[-72.817193595504875,41.844531109420615],[-72.817127587192857,41.844662069090731],[-72.817013571570698,41.844888284060183],[-72.816933895977911,41.845038782402113],[-72.816854220385125,41.845189280744044],[-72.816761265526878,41.845311007344137],[-72.816668310668618,41.845432733944229],[-72.816508959483045,41.845556673755233],[-72.816331902610187,41.845662907878953],[-72.816148252435923,41.845797284765986],[-72.815973362442662,41.845928493188239],[-72.81577859988252,41.846140961435673],[-72.815610395853298,41.846256048403035],[-72.815442191824076,41.84637113537039],[-72.815269561373043,41.846548192243247],[-72.81509693092201,41.846725249116112],[-72.814924300470963,41.846902305988976],[-72.81475167001993,41.847079362861834],[-72.81455026782703,41.847276338632888],[-72.81434886563413,41.847473314403942],[-72.814208695609764,41.847622337271936],[-72.814068525585412,41.847771360139937],[-72.813928355561046,41.847920383007931],[-72.813751298688189,41.848132851255365],[-72.813574241815331,41.848345319502798],[-72.813456203900088,41.848522376375655],[-72.813338165984845,41.84869943324852],[-72.813220128069602,41.848876490121377],[-72.813090286362836,41.849118467847617],[-72.812960444656085,41.849360445573865],[-72.812830602949319,41.849602423300105],[-72.812718466929837,41.849838499130584],[-72.812606330910356,41.85007457496107],[-72.812494194890874,41.850310650791549],[-72.812382058871393,41.850558530413551],[-72.812269922851925,41.85080641003556],[-72.812157786832444,41.851054289657561],[-72.812104669770591,41.851288004729739],[-72.812051552708724,41.851521719801916],[-72.811998435646871,41.851755434874093],[-72.811945318585003,41.85198914994627],[-72.81189220152315,41.852222865018447],[-72.81189220152315,41.852491991465193],[-72.81189220152315,41.852761117911946],[-72.81189220152315,41.853030244358692],[-72.81189220152315,41.853299370805445],[-72.81189220152315,41.853568497252191],[-72.811981820396511,41.853825961898764],[-72.812071439269857,41.854083426545344],[-72.812161058143218,41.854340891191917],[-72.812250677016564,41.854598355838498],[-72.812340295889925,41.854855820485071],[-72.812524448236942,41.85507354227034],[-72.812708600583946,41.855291264055609],[-72.812892752930964,41.855508985840885],[-72.813076905277967,41.855726707626154],[-72.813261057624985,41.855944429411423],[-72.813386943018457,41.856061922445321],[-72.813512828411916,41.856179415479225],[-72.813613536726692,41.856292112879089],[-72.813714245041467,41.856404810278953],[-72.813814953356243,41.85656306620217],[-72.813879694415718,41.856702139589224],[-72.813925252939072,41.856879578048584],[-72.813951628926276,41.857033038337761],[-72.813920457305031,41.857277615673638],[-72.813843727160446,41.857505408290379],[-72.813708250498905,41.857691239109307],[-72.813572773837365,41.857877069928236],[-72.813321003050433,41.858037723668467],[-72.813069232263501,41.858198377408698],[-72.812848633097815,41.858253527200119],[-72.812628033932114,41.858308676991541],[-72.812347489340965,41.858368622417004],[-72.81206694474983,41.858428567842459],[-72.811848743401157,41.858517287072139],[-72.811630542052484,41.858606006301819],[-72.811438716691015,41.858738685510168],[-72.811246891329546,41.858871364718524],[-72.811055065968077,41.859004043926873],[-72.810925583849084,41.859169493301138],[-72.810796101730091,41.85933494267541],[-72.810659807188003,41.859537476675335],[-72.810523512645915,41.859740010675253],[-72.810387218103827,41.859942544675178],[-72.810280983980107,41.860150586500794],[-72.810174749856401,41.860358628326402],[-72.810068515732681,41.860566670152011],[-72.809962281608961,41.860774711977626],[-72.809895885281634,41.86103144444327],[-72.809829488954321,41.861288176908921],[-72.809763092627009,41.861544909374572],[-72.809696696299682,41.861801641840216],[-72.809661284925113,41.862020011983411],[-72.80962587355053,41.862238382126613],[-72.809590462175962,41.862456752269807],[-72.809555050801393,41.862639711038426],[-72.80951963942681,41.862822669807052],[-72.809484228052241,41.863005628575671],[-72.809425209094627,41.86324170440615],[-72.809366190136998,41.863477780236636],[-72.809307171179384,41.863713856067115],[-72.809178804946555,41.863957309267299],[-72.80905043871374,41.864200762467483],[-72.808922072480911,41.864444215667667],[-72.808793706248082,41.864687668867852],[-72.808776000560798,41.864705374555136],[-72.808610747479463,41.864906039011046],[-72.808445494398114,41.865106703466957],[-72.80828024131678,41.865307367922867],[-72.808126792026968,41.865531639961823],[-72.807973342737156,41.865755912000779],[-72.807819893447345,41.865980184039735],[-72.807731365010909,41.866192652287168],[-72.807642836574487,41.866405120534601],[-72.807554308138066,41.866617588782034],[-72.80746577970163,41.866830057029468],[-72.807430368327061,41.867069083807827],[-72.807394956952493,41.867308110586194],[-72.80735954557791,41.867547137364554],[-72.807324134203341,41.867786164142913],[-72.807306428516057,41.868011911655813],[-72.807288722828758,41.868237659168713],[-72.807271017141474,41.868463406681606],[-72.80725331145419,41.868689154194506],[-72.807235605766905,41.868910475285581],[-72.807217900079621,41.869131796376656],[-72.807058548894048,41.869326558936812],[-72.806797390006579,41.869415087373241],[-72.806536231119111,41.869503615809677],[-72.806275072231628,41.869592144246106],[-72.80601391334416,41.869680672682534],[-72.805748328034866,41.869773627540788],[-72.805482742725587,41.869866582399041],[-72.805217157416294,41.869959537257294],[-72.804951572107001,41.870052492115548],[-72.804668281110423,41.870093805385878],[-72.804384990113846,41.870135118656215],[-72.804101699117268,41.870176431926545],[-72.803906936557127,41.870282666050265],[-72.803712173996971,41.870388900173978],[-72.803517411436829,41.870495134297698],[-72.803346256459733,41.870695798753609],[-72.803175101482623,41.870896463209512],[-72.803003946505527,41.871097127665422],[-72.802908335794186,41.871306054775395],[-72.802812725082845,41.871514981885376],[-72.80271711437149,41.871723908995349],[-72.802621503660149,41.87193283610533],[-72.802525892948807,41.872141763215303],[-72.802423199962547,41.872364854875109],[-72.802320506976287,41.872587946534914],[-72.802217813990026,41.872811038194712],[-72.802115121003766,41.873034129854517],[-72.802012428017505,41.873257221514322],[-72.801941605268368,41.873502571752432],[-72.801870782519217,41.873747921990535],[-72.801799959770079,41.873993272228645],[-72.801729137020928,41.874238622466748],[-72.801658314271791,41.874483972704859],[-72.801587491522639,41.874729322942962],[-72.801516668773502,41.874974673181072],[-72.801498963086217,41.875187141428505],[-72.801481257398933,41.875399609675938],[-72.801463551711635,41.875612077923371],[-72.80144584602435,41.875824546170804],[-72.801459125289824,41.876041440840055],[-72.801472404555284,41.876258335509313],[-72.801485683820744,41.876475230178571],[-72.801498963086217,41.876692124847821],[-72.801481257398933,41.876851476033394],[-72.801463551711649,41.877010827218974],[-72.801385646687592,41.877258706840976],[-72.801307741663535,41.877506586462985],[-72.801229836639465,41.877754466084987],[-72.801151931615408,41.878002345706996],[-72.801074026591351,41.878250225328998],[-72.800996121567294,41.878494563813547],[-72.800918216543238,41.878738902298096],[-72.800840311519167,41.878983240782638],[-72.80076240649511,41.879227579267187],[-72.800684501471054,41.879471917751736],[-72.80064023725285,41.879693238842812],[-72.800595973034632,41.879914559933887],[-72.800551708816414,41.880135881024962],[-72.80050744459821,41.880357202116038],[-72.800489738910926,41.880619246287871],[-72.800472033223642,41.880881290459705],[-72.800454327536343,41.881143334631545],[-72.800436621849059,41.881405378803379],[-72.800418916161775,41.881667422975212],[-72.80039766933703,41.88189759690993],[-72.800376422512286,41.882127770844647],[-72.800355175687542,41.882357944779372],[-72.800333928862798,41.882588118714089],[-72.800312682038054,41.882818292648807],[-72.800202823334104,41.883064756068457],[-72.800092964630153,41.8833112194881],[-72.799983105926202,41.88355768290775],[-72.799873247222237,41.8838041463274],[-72.799763388518286,41.88405060974705],[-72.799653529814336,41.884297073166692],[-72.799543671110385,41.884543536586342],[-72.799452168449847,41.884761962292153],[-72.799360665789294,41.884980387997956],[-72.799269163128756,41.885198813703767],[-72.799177660468217,41.885417239409577],[-72.799041882326776,41.885617954923021],[-72.79890610418532,41.885818670436471],[-72.798758519248963,41.885942641783011],[-72.798610934312606,41.88606661312955],[-72.798427928991515,41.886285038835361],[-72.798244923670438,41.886503464541171],[-72.798012846213283,41.886710311898355],[-72.797780768756127,41.886917159255546],[-72.797473132439535,41.887027819801084],[-72.797165496122943,41.887138480346621],[-72.796857859806337,41.887249140892166],[-72.796550223489746,41.887359801437704],[-72.796314147659274,41.887466035561424],[-72.796078071828788,41.887572269685137],[-72.795841995998316,41.887678503808857],[-72.795608280926146,41.887816608169686],[-72.795374565853962,41.887954712530515],[-72.795140850781792,41.888092816891351],[-72.794907135709607,41.88823092125218],[-72.794673420637437,41.888369025613009],[-72.794460952390011,41.888537229642225],[-72.794248484142571,41.888705433671447],[-72.794024212103622,41.888855932013378],[-72.793799940064673,41.889006430355316],[-72.793575668025724,41.889156928697247],[-72.793447301792895,41.889311853461002],[-72.793318935560066,41.889466778224758],[-72.79311089373445,41.889590718035763],[-72.792902851908835,41.88971465784676],[-72.792654972286826,41.889776627752262],[-72.792407092664831,41.889838597657764],[-72.792159213042822,41.889900567563267],[-72.791911333420813,41.890011228108804],[-72.791663453798805,41.890121888654335],[-72.791427377968319,41.890234024673809],[-72.791191302137847,41.890346160693291],[-72.790955226307361,41.890458296712765],[-72.790714724055036,41.890599942211061],[-72.790474221802711,41.890741587709364],[-72.790233719550386,41.89088323320766],[-72.789985839928363,41.891077995767802],[-72.789737960306354,41.89127275832795],[-72.789543197746212,41.891485226575384],[-72.789348435186056,41.891697694822817],[-72.789153672625915,41.89191016307025],[-72.789023830919149,41.892122631317683],[-72.788893989212397,41.892335099565116],[-72.788764147505631,41.892547567812549],[-72.788646109590388,41.892795447434558],[-72.788528071675145,41.89304332705656],[-72.788410033759902,41.893291206678569],[-72.78834983442313,41.893556791987862],[-72.788289635086358,41.893822377297148],[-72.788229435749585,41.894087962606442],[-72.788169236412813,41.894353547915728],[-72.78810903707604,41.894619133225021],[-72.788061821909949,41.894861110951261],[-72.788014606743843,41.895103088677509],[-72.787967391577752,41.895345066403749],[-72.787973293473513,41.895551632755421],[-72.787979195369275,41.895758199107092],[-72.787985097265036,41.895964765458764],[-72.788168056033655,41.896106410957053],[-72.788351014802288,41.896248056455342],[-72.788533973570907,41.89638970195363],[-72.788746441818333,41.896537249347681],[-72.788958910065773,41.896684796741731],[-72.789171378313199,41.896832344135781],[-72.789277612436919,41.897021204800168],[-72.789383846560625,41.897210065464549],[-72.789490080684345,41.897398926128936],[-72.789500704096724,41.897636182338566],[-72.789511327509089,41.897873438548203],[-72.789521950921468,41.898110694757833],[-72.789532574333833,41.898347950967469],[-72.789543197746212,41.898585207177099],[-72.789366140873341,41.898815381111817],[-72.789189084000483,41.899045555046541],[-72.788911694899667,41.899193102440591],[-72.788634305798851,41.899340649834642],[-72.788356916698035,41.899488197228692],[-72.788209369303985,41.899718371163409],[-72.788061821909935,41.899948545098134],[-72.787914274515884,41.900178719032851],[-72.787849353662509,41.900408892967569],[-72.787784432809119,41.900639066902286],[-72.787719511955743,41.900869240837004],[-72.787675247737525,41.901130399724472],[-72.787630983519307,41.901391558611948],[-72.787586719301089,41.901652717499417],[-72.787542455082871,41.901913876386885],[-72.787464883132955,41.902165813940627],[-72.787387311183025,41.902417751494369],[-72.787309739233109,41.902669689048111],[-72.787232167283193,41.902921626601852],[-72.787154595333263,41.903173564155601],[-72.787077023383347,41.903425501709343],[-72.786999451433431,41.903677439263085],[-72.786921879483501,41.903929376816826],[-72.786844307533585,41.904181314370568],[-72.786940220214319,41.904405110625618],[-72.787036132895068,41.904628906880667],[-72.787132045575802,41.904852703135717],[-72.787177604099156,41.905058915399295],[-72.78722316262251,41.905265127662872],[-72.787268721145864,41.905471339926457],[-72.787314279669218,41.905677552190035],[-72.78728910259052,41.905923328434419],[-72.787263925511837,41.906169104678803],[-72.78723874843314,41.906414880923187],[-72.787213571354442,41.906660657167571],[-72.787268721145864,41.906890847601332],[-72.7873238709373,41.9071210380351],[-72.787395805447844,41.907378403728409],[-72.787467739958402,41.907635769421709],[-72.787539674468945,41.907893135115017],[-72.787503707213673,41.908077767025432],[-72.787467739958402,41.908262398935847],[-72.787424579252047,41.908447030846268],[-72.787381418545706,41.90863166275669],[-72.787362236009571,41.908844269198987],[-72.787343053473435,41.909056875641284],[-72.7873238709373,41.90926948208358],[-72.787465342141388,41.909456511811015],[-72.787606813345477,41.909643541538451],[-72.787761872179331,41.90980819164038],[-72.787916931013186,41.909972841742302],[-72.78807198984704,41.910137491844232],[-72.788139128723557,41.910348499741851],[-72.78820626760006,41.910559507639462],[-72.788273406476577,41.910770515537081],[-72.788340545353094,41.9109815234347],[-72.788346939531806,41.91121011532379],[-72.788353333710518,41.911438707212874],[-72.78835972788923,41.911667299101964],[-72.788294986829726,41.911916672071875],[-72.788230245770237,41.912166045041786],[-72.788119946187379,41.912384246390459],[-72.788009646604536,41.912602447739133],[-72.787789047438849,41.912746316760234],[-72.787568448273163,41.912890185781343],[-72.787389975616307,41.913017268406257],[-72.787211502959465,41.913144351031178],[-72.787033030302609,41.913271433656092],[-72.786836636143562,41.913418729275378],[-72.786640241984529,41.913566024894656],[-72.786443847825481,41.913713320513942],[-72.786195770993004,41.913903254338805],[-72.786010387204556,41.91395505757103],[-72.785825003416093,41.914006860803262],[-72.785618890953302,41.914019014879401],[-72.78541277849051,41.914031168955546],[-72.785238349467676,41.91407768336164],[-72.785063920444841,41.914124197767727],[-72.784906867406477,41.914280188035818],[-72.784749814368112,41.914436178303902],[-72.784736226738346,41.914632799299412],[-72.784722639108566,41.914829420294915],[-72.784709051478799,41.915026041290425],[-72.784712248568155,41.91521546883488],[-72.784715445657511,41.915404896379329],[-72.784718642746867,41.915594323923784],[-72.78469346566817,41.915838901259661],[-72.784668288589472,41.916083478595532],[-72.784681476583074,41.916236938884708],[-72.784650304961843,41.916364023186681],[-72.784598751895942,41.916470726043997],[-72.784519623934344,41.916565439816225],[-72.784418915619568,41.916676938307575],[-72.784191123002813,41.916783641164891],[-72.783932758219095,41.916854976221188],[-72.78367439343539,41.916926311277493],[-72.783367472857037,41.917067782481574],[-72.783113304253092,41.917245220940934],[-72.782958645055416,41.917429852851356],[-72.782886111090605,41.917600097859662],[-72.782813577125793,41.917770342867961],[-72.782747437339694,41.918022113654892],[-72.782681297553609,41.918273884441817],[-72.782615157767509,41.918525655228748],[-72.78254901798141,41.91877742601568],[-72.782482878195324,41.919029196802605],[-72.782416738409225,41.919280967589536],[-72.782337610447627,41.919532738376468],[-72.782258482486014,41.919784509163399],[-72.782200934877579,41.919960748714246],[-72.782143387269144,41.920136988265099],[-72.782043478226711,41.920320820903179],[-72.781943569184293,41.920504653541251],[-72.78184366014186,41.92068848617933],[-72.781739754737728,41.920854734825937],[-72.781635849333597,41.921020983472545],[-72.781531943929465,41.921187232119152],[-72.781414450895568,41.921331101140254],[-72.78129695786167,41.921474970161363],[-72.781079955421518,41.921624833725005],[-72.780957666753565,41.92169676823557],[-72.780843770445188,41.921743525667431],[-72.780633162183733,41.921832244897111],[-72.780422553922293,41.921920964126784],[-72.780211945660838,41.922009683356464],[-72.779972163959016,41.922107594218055],[-72.77973238225718,41.922205505079638],[-72.779492600555358,41.922303415941229],[-72.779140121453651,41.92235636773372],[-72.778787642351929,41.922409319526217],[-72.778435163250222,41.922462271318707],[-72.778102665957007,41.922519019654807],[-72.777770168663778,41.922575767990907],[-72.777437671370564,41.922632516327006],[-72.777097980626294,41.922698855931181],[-72.776758289882025,41.922765195535362],[-72.776418599137756,41.922831535139537],[-72.776106882925362,41.922886684930958],[-72.775795166712967,41.92294183472238],[-72.775483450500587,41.922996984513802],[-72.775171734288193,41.92305213430523],[-72.774860018075799,41.923107284096652],[-72.774548301863405,41.923162433888074],[-72.774195822761712,41.923220780768858],[-72.773843343660005,41.923279127649636],[-72.773490864558312,41.92333747453042],[-72.773173553439548,41.923413405402663],[-72.772856242320785,41.923489336274912],[-72.772538931202021,41.923565267147154],[-72.772428631619164,41.923636602203423],[-72.77236389055966,41.923730716521405],[-72.772335116755443,41.923830825381913],[-72.772339912389469,41.923936928784983],[-72.772399857814932,41.924121860422531],[-72.772459803240395,41.924306792060079],[-72.772537732293472,41.924480034339652],[-72.772615661346563,41.924653276619232],[-72.772757132550666,41.924888562414168],[-72.772898603754768,41.925123848209104],[-72.772988521892955,41.925308480119519],[-72.773078440031142,41.925493112029933],[-72.773159366355515,41.925706517744572],[-72.773240292679873,41.925919923459205],[-72.773321219004245,41.926133329173844],[-72.773402145328618,41.926346734888483],[-72.773447703851971,41.926481012641503],[-72.773493262375325,41.92661529039453],[-72.773565196885869,41.92687905026655],[-72.773608357592195,41.927140412321556],[-72.773615551043264,41.927396978742522],[-72.773607758137956,41.927590902193877],[-72.773599965232648,41.927784825645233],[-72.773586777239046,41.927962863558847],[-72.773573589245458,41.928140901472453],[-72.773598766324142,41.928276378133994],[-72.773655115024084,41.928371091906222],[-72.773770210240968,41.928492181665654],[-72.77390688581103,41.928603680157011],[-72.774138674789469,41.928774324801488],[-72.774370463767909,41.928944969445958],[-72.774602252746348,41.929115614090435],[-72.774770099937626,41.929233706578586],[-72.774937947128905,41.929351799066744],[-72.775029064175612,41.929421335760281],[-72.775145358301003,41.929482480094244],[-72.775415112715564,41.92963594038342],[-72.775735269177176,41.92972518900271],[-72.7759005643059,41.929825546759432],[-72.776065859434624,41.929925904516153],[-72.776169168890078,41.930049875862693],[-72.776272478345518,41.93017384720924],[-72.776343319114957,41.930345045735415],[-72.776361029307324,41.930510340864132],[-72.776325608922605,41.930716959775033],[-72.776269526646786,41.930852737916481],[-72.776213444370967,41.93098851605793],[-72.776133748505345,41.931124294199378],[-72.776054052639708,41.931260072340827],[-72.776012728857523,41.93134862330264],[-72.776018632254974,41.931543435418632],[-72.776048149242243,41.931708730547356],[-72.776183927383698,41.931891735868433],[-72.776361029307324,41.932080644586975],[-72.776514517641132,41.932240036318241],[-72.776744750141859,41.932393524652049],[-72.776898238475667,41.932547012985864],[-72.776986789437487,41.932665080934946],[-72.77705763020694,41.932859893050939],[-72.777069437001842,41.93296025080766],[-72.777051726809475,41.933143256128744],[-72.77700449962984,41.933284937667651],[-72.77700449962984,41.933343971642188],[-72.777051726809475,41.933438426001459],[-72.777146181168746,41.933544687155639],[-72.777234732130566,41.933639141514902],[-72.777287862707652,41.933709982284356],[-72.777346896682189,41.933777871355076],[-72.77737346197074,41.933866422316896],[-72.777382317066909,41.933963828374885],[-72.777364606874556,41.934093703118883],[-72.777441351041446,41.934297370331045],[-72.777544660496901,41.934427245075042],[-72.777645018253622,41.934542361325398],[-72.77777194129888,41.934681091165579],[-72.777884105850518,41.934881806679023],[-72.777943139825055,41.935058908602649],[-72.777954946619971,41.935174024853012],[-72.777872299055602,41.935380643763907],[-72.777757182805246,41.935513470206637],[-72.777544660496929,41.935723040816264],[-72.777401503108663,41.935848488012169],[-72.777258345720398,41.935973935208075],[-72.77705025096013,41.936145133734243],[-72.776842156199862,41.936316332260418],[-72.77666210257749,41.936481627389142],[-72.776482048955131,41.936646922517859],[-72.776363981006043,41.936782700659307],[-72.776245913056954,41.936918478800756],[-72.776127845107865,41.937087709527781],[-72.776009777158791,41.937256940254805],[-72.775891709209702,41.93742617098183],[-72.775809061645347,41.937674113674909],[-72.775726414080992,41.937922056367988],[-72.775643766516623,41.938169999061067],[-72.775561118952268,41.938417941754146],[-72.775584732542086,41.938654077652316],[-72.775608346131889,41.938890213550486],[-72.775797254850431,41.939086993465629],[-72.775986163568973,41.939283773380772],[-72.776175072287515,41.939480553295915],[-72.77638759459586,41.939654703520816],[-72.77660011690422,41.939828853745723],[-72.776812639212579,41.940003003970624],[-72.777025161520925,41.940177154195524],[-72.777203703625844,41.940384788120738],[-72.777382245730763,41.940592422045953],[-72.777560787835682,41.940800055971167],[-72.777739329940616,41.941007689896381],[-72.777917872045535,41.941215323821595],[-72.778096414150454,41.941422957746809],[-72.778222757199856,41.941655428957716],[-72.778349100249258,41.941887900168616],[-72.778372392827862,41.942080420225636],[-72.778395685406451,41.942272940282663],[-72.778418977985055,41.942465460339683],[-72.778434963431835,41.942667676241562],[-72.778450948878628,41.942869892143442],[-72.778466934325408,41.943072108045321],[-72.778478923410503,41.943211181432389],[-72.778490912495599,41.943350254819457],[-72.778511293940255,41.943561262717068],[-72.778531675384897,41.94377227061468]]}},
{"type":"Feature","properties":{"elevation_m":59.6,"elevation_ft":196.0,"distance_start_m":83105,"distance_end_m":83140,"lock_start":"FC Lock 6","lock_end":"FC Lock 5"},"geometry":{"type":"LineString","coordinates":[[-72.778531675384897,41.94377227061468],[-72.778538868835952,41.943983278512299],[-72.778546062287035,41.944089981369636]]}},
{"type":"Feature","properties":{"elevation_m":59.9,"elevation_ft":197.0,"distance_start_m":83140,"distance_end_m":83210,"lock_start":"FC Lock 5","lock_end":"FC Lock 4"},"geometry":{"type":"LineString","coordinates":[[-72.778546062287035,41.944089981369636],[-72.778536471018967,41.944195485318446],[-72.778481920681799,41.944342951065074],[-72.77842737034463,41.944490416811703],[-72.77835351758047,41.944702024163568]]}},
{"type":"Feature","properties":{"elevation_m":61.4,"elevation_ft":202.0,"distance_start_m":83210,"distance_end_m":83308,"lock_start":"FC Lock 4","lock_end":"FC Lock 3"},"geometry":{"type":"LineString","coordinates":[[-72.77835351758047,41.944702024163568],[-72.77827966481631,41.944913631515433],[-72.77820581205215,41.945125238867291],[-72.77813195928799,41.945336846219156],[-72.778058106523829,41.945548453571021]]}},
{"type":"Feature","properties":{"elevation_m":63.8,"elevation_ft":209.0,"distance_start_m":83308,"distance_end_m":83394,"lock_start":"FC Lock 3","lock_end":"FC Lock 2"},"geometry":{"type":"LineString","coordinates":[[-72.778058106523829,41.945548453571021],[-72.777967588931375,41.945798276131633],[-72.777877071338935,41.946048098692245],[-72.777786553746481,41.946297921252864]]}},
{"type":"Feature","properties":{"elevation_m":64.8,"elevation_ft":213.0,"distance_start_m":83394,"distance_end_m":83447,"lock_start":"FC Lock 2","lock_end":"FC Lock 1"},"geometry":{"type":"LineString","coordinates":[[-72.777786553746481,41.946297921252864],[-72.777696036154026,41.946547743813476],[-72.777625900006228,41.946763097754427]]}},
{"type":"Feature","properties":{"elevation_m":68.0,"elevation_ft":223.0,"distance_start_m":83447,"distance_end_m":96092,"lock_start":"FC Lock 1","lock_end":"HHC Lock 1"},"geometry":{"type":"LineString","coordinates":[[-72.777625900006228,41.946763097754427],[-72.777555763858444,41.946978451695387],[-72.777485627710661,41.947193805636338],[-72.777415491562863,41.94740915957729],[-72.777333566148073,41.947587397308986],[-72.777251640733297,41.947765635040675],[-72.777169715318507,41.94794387277237],[-72.777085791722868,41.948150085035948],[-72.777001868127229,41.948356297299533],[-72.776942727420646,41.948613099778427],[-72.77688358671405,41.948869902257321],[-72.776824446007467,41.949126704736216],[-72.776786072765375,41.949340955272476],[-72.776747699523284,41.949555205808736],[-72.776714130085026,41.949775804974422],[-72.776680560646767,41.949996404140116],[-72.776687754097821,41.95018223495903],[-72.776722522444572,41.95037585868333],[-72.776820832942335,41.950613842022342],[-72.776909552172015,41.95078248848597],[-72.776998271401695,41.950951134949591],[-72.777086990631375,41.951119781413219],[-72.777136145880263,41.951333786582111],[-72.777185301129165,41.951547791751004],[-72.777205282937643,41.951729226572063],[-72.777225264746136,41.951910661393129],[-72.777245246554614,41.952092096214187],[-72.777240450920573,41.952233567418276],[-72.777235655286532,41.952375038622357],[-72.777190456649635,41.952615612631696],[-72.777158971863216,41.952812392546839],[-72.777127487076783,41.953009172461982],[-72.777096002290364,41.953205952377125],[-72.777068453102245,41.953469637463414],[-72.777040903914127,41.953733322549709],[-72.777013354726009,41.953997007635998],[-72.776995644533642,41.954262660521437],[-72.776977934341275,41.954528313406882],[-72.776960224148908,41.954723125522875],[-72.776942513956541,41.954917937638861],[-72.777048775110728,41.955112749754853],[-72.777155036264901,41.955307561870846],[-72.777314427996174,41.955478760397028],[-72.777414785752896,41.95559682834611],[-72.777509240112167,41.955765075173559],[-72.777559418990521,41.955912660109917],[-72.777612549567607,41.956066148443725],[-72.777624356362523,41.956328849630438],[-72.777627308061255,41.95651775834898],[-72.777630259759974,41.956724377259874],[-72.777636163157425,41.956830638414054],[-72.777650921651073,41.956957561459319],[-72.777715859023061,41.957072677709682],[-72.77783392697215,41.957202552453673],[-72.777975608511056,41.957323572101487],[-72.778105483255047,41.957382606076031],[-72.77827963347994,41.957462301941668],[-72.778480348993384,41.957515432518754],[-72.778760760372464,41.957598080083123],[-72.778970330982091,41.957695486141112],[-72.779159239700633,41.957775182006749],[-72.779413085791163,41.957967042424016],[-72.779581332618605,41.958114627360374],[-72.779779096433316,41.958319770421909],[-72.779976860248041,41.958524913483444],[-72.780089024799679,41.958660691624893],[-72.780201189351317,41.958796469766341],[-72.780351725986392,41.958985378484876],[-72.78044470449629,41.959211183437503],[-72.780537683006202,41.959436988390138],[-72.780576055089654,41.959587525025221],[-72.780601636478622,41.959803982931874],[-72.78062721786759,41.960020440838534],[-72.780652799256558,41.960236898745187],[-72.780700026436193,41.9604995999319],[-72.780754632862653,41.960681129403625],[-72.780809239289098,41.960862658875342],[-72.780897790250918,41.961005816263608],[-72.780986341212724,41.961148973651873],[-72.781128022751616,41.961326075575506],[-72.78128741448289,41.961444143524588],[-72.781535357175969,41.961597631858403],[-72.781659328522508,41.961686182820216],[-72.781812816856316,41.961801299070572],[-72.781966305190124,41.961916415320921],[-72.782131600318849,41.962105324039456],[-72.782296895447558,41.962294232757998],[-72.782412011697915,41.962533320354893],[-72.782527127948285,41.962772407951789],[-72.78260977551264,41.962893427599603],[-72.782692423077009,41.963014447247417],[-72.782789829134998,41.963153177087591],[-72.782887235192987,41.963291906927772],[-72.783164694873335,41.963398168081952],[-72.783303424713523,41.963486719043765],[-72.783442154553697,41.963575270005578],[-72.783566125900236,41.963734661736844],[-72.783607449682407,41.963905860263019],[-72.783634014970943,41.964062300295552],[-72.783660580259493,41.964218740328093],[-72.783694032845062,41.964409616845785],[-72.783727485430646,41.96460049336347],[-72.783760938016215,41.964791369881162],[-72.7837815999073,41.964953713311154],[-72.783802261798385,41.965116056741145],[-72.783837168427638,41.965338581624103],[-72.783872075056877,41.96556110650706],[-72.78390698168613,41.965783631390018],[-72.783922125496375,41.966006361959785],[-72.78393726930662,41.966229092529545],[-72.783952413116864,41.966451823099305],[-72.783967556927109,41.966674553669073],[-72.783961196639765,41.966920303262114],[-72.783954836352407,41.967166052855148],[-72.783948476065063,41.96741180244819],[-72.783942115777705,41.967657552041224],[-72.783935755490361,41.967903301634266],[-72.783902186052089,41.968159268600971],[-72.78386861661383,41.968415235567669],[-72.783835047175558,41.968671202534367],[-72.783801477737285,41.968927169501072],[-72.783764311573492,41.969170547928442],[-72.783727145409713,41.969413926355806],[-72.783689979245935,41.969657304783169],[-72.783652813082142,41.96990068321054],[-72.783602938488158,41.970119364122617],[-72.783553063894175,41.970338045034694],[-72.783503189300205,41.970556725946764],[-72.783453314706222,41.970775406858841],[-72.783403440112238,41.970994087770919],[-72.783342295778311,41.97120349712381],[-72.78328115144437,41.971412906476694],[-72.783220007110444,41.971622315829585],[-72.783162459501995,41.97185370517186],[-72.78310491189356,41.972085094514135],[-72.783047364285125,41.97231648385641],[-72.782989816676675,41.972547873198685],[-72.78290829089805,41.972778063632447],[-72.782826765119424,41.973008254066215],[-72.782738845162086,41.973200079427684],[-72.782650925204734,41.973391904789153],[-72.782563005247397,41.973583730150622],[-72.782447310576259,41.973831904212027],[-72.782331615905122,41.974080078273431],[-72.78221592123397,41.974328252334836],[-72.782100226562832,41.97457642639624],[-72.781985131345948,41.974791031019379],[-72.781870036129078,41.975005635642525],[-72.781754940912194,41.975220240265671],[-72.78163984569531,41.975434844888809],[-72.781563115550711,41.975631465884312],[-72.781452815967867,41.975856860684047],[-72.781342516385024,41.976082255483774],[-72.781249800793645,41.976296460470749],[-72.781157085202267,41.976510665457724],[-72.781064369610888,41.976724870444698],[-72.781099537593832,41.976988630316718],[-72.781134705576761,41.977252390188745],[-72.781169873559705,41.977516150060765],[-72.781260216645364,41.977753267536215],[-72.78135055973101,41.977990385011665],[-72.781440902816669,41.978227502487115],[-72.781508791887404,41.978463638385286],[-72.781576680958125,41.978699774283456],[-72.781612101342859,41.978859166014722],[-72.781647521727578,41.979018557745988],[-72.781622702812555,41.97920010472366],[-72.781597883897533,41.979381651701331],[-72.781513960301879,41.979578272696841],[-72.78143003670624,41.979774893692358],[-72.781295758953206,41.979954729968739],[-72.781161481200172,41.980134566245113],[-72.780969655838703,41.980352767593786],[-72.780777830477234,41.980570968942459],[-72.780616377464668,41.9807803782954],[-72.780454924452101,41.980989787648333],[-72.780293471439535,41.981199197001274],[-72.780175978405623,41.981369442009573],[-72.780058485371711,41.981539687017872],[-72.779909820716583,41.981673964770906],[-72.779761156061454,41.981808242523947],[-72.77950538891281,41.981955308634404],[-72.77924962176418,41.982102374744855],[-72.778993854615535,41.982249440855313],[-72.778701320939291,41.982401302599811],[-72.778408787263047,41.98255316434431],[-72.778116253586802,41.982705026088809],[-72.777807116887303,41.982833561722927],[-72.777497980187803,41.982962097357046],[-72.777231270257019,41.983098671957642],[-72.776964560326221,41.98323524655823],[-72.776697850395436,41.983371821158826],[-72.776431140464638,41.983508395759415],[-72.776164430533854,41.983644970360011],[-72.775878747763372,41.983771027026123],[-72.775593064992904,41.983897083692234],[-72.775307382222422,41.984023140358346],[-72.775021699451955,41.98414919702445],[-72.774736016681473,41.984275253690562],[-72.774450333911005,41.984401310356674],[-72.774164651140524,41.984527367022785],[-72.773918395332728,41.984715835440383],[-72.773672139524933,41.984904303857981],[-72.773425883717152,41.985092772275586],[-72.773179627909357,41.985281240693183],[-72.772933372101562,41.985469709110781],[-72.772695988216739,41.985667529014798],[-72.772458604331916,41.985865348918814],[-72.772221220447094,41.986063168822831],[-72.771983836562271,41.986260988726848],[-72.771752447219995,41.986452814088388],[-72.77152105787772,41.986644639449935],[-72.771289668535445,41.986836464811475],[-72.771123499816071,41.987056584413715],[-72.77095733109671,41.987276704015954],[-72.770791162377336,41.987496823618201],[-72.770624993657975,41.987716943220441],[-72.770458824938601,41.987937062822681],[-72.770316454553125,41.988167552983576],[-72.770174084167664,41.988398043144464],[-72.770031713782203,41.988628533305359],[-72.769889343396727,41.988859023466247],[-72.769746973011252,41.989089513627142],[-72.76960460262579,41.989320003788038],[-72.769462232240329,41.989550493948926],[-72.769319861854854,41.989780984109821],[-72.769189900172464,41.98998623724659],[-72.769059938490059,41.990191490383367],[-72.768929976807669,41.990396743520137],[-72.768800015125265,41.990601996656913],[-72.768670053442875,41.990807249793683],[-72.76860211529403,41.991070210393367],[-72.76853417714517,41.991333170993052],[-72.768466238996325,41.991596131592736],[-72.768439863009121,41.991819728029697],[-72.768413487021917,41.992043324466664],[-72.768387111034698,41.992266920903624],[-72.768360735047494,41.992490517340585],[-72.768339754148585,41.992722506137113],[-72.768318773249675,41.992954494933642],[-72.768297792350765,41.99318648373017],[-72.768276811451855,41.993418472526699],[-72.768255231098692,41.99367204167639],[-72.768233650745515,41.993925610826089],[-72.768212070392352,41.994179179975788],[-72.768190490039188,41.99443274912548],[-72.768159318417958,41.994700105723027],[-72.768128146796712,41.994967462320581],[-72.768163428961415,41.995211354565882],[-72.768198711126104,41.995455246811176],[-72.768233993290806,41.995699139056477],[-72.768269275455509,41.995943031301778],[-72.768304557620212,41.996186923547079],[-72.7683398397849,41.996430815792372],[-72.768375121949603,41.996674708037673],[-72.768414086476156,41.996918086465044],[-72.768453051002695,41.997161464892407],[-72.768492015529247,41.997404843319771],[-72.7685309800558,41.997648221747141],[-72.768575939124901,41.997912581073415],[-72.768620898193987,41.998176940399688],[-72.768665857263073,41.998441299725968],[-72.768710816332174,41.998705659052241],[-72.768748382132131,41.998898283686053],[-72.768785947932088,41.999090908319857],[-72.768823513732045,41.999283532953669],[-72.768885057702178,41.999468164864084],[-72.768946601672326,41.999652796774505],[-72.769008145642459,41.99983742868492],[-72.769073685974291,42.000027655501711],[-72.769139226306137,42.000217882318509],[-72.769204766637969,42.0004081091353],[-72.769301083671024,42.000589954635146],[-72.769397400704065,42.000771800134999],[-72.76949371773712,42.000953645634844],[-72.769648969314844,42.001185617867449],[-72.769804220892567,42.001417590100047],[-72.769985256077462,42.001646581625302],[-72.770166291262342,42.001875573150556],[-72.770324712171075,42.002113796741128],[-72.770483133079807,42.002352020331706],[-72.77064155398854,42.002590243922285],[-72.770799974897272,42.002828467512856],[-72.770807707314034,42.002840095044228],[-72.770954281465379,42.003066783451303],[-72.771100855616737,42.003293471858385],[-72.771247429768081,42.00352016026546],[-72.771394003919426,42.003746848672542],[-72.77154057807077,42.003973537079617],[-72.771687152222128,42.004200225486699],[-72.771833726373472,42.004426913893774],[-72.771879939235703,42.004560150977113],[-72.771926152097947,42.004693388060446],[-72.771946557777383,42.00478701411901],[-72.771946557777383,42.004933454877282],[-72.771896143745849,42.005042685278923],[-72.771833726373472,42.005144713676081],[-72.771716093633231,42.005372777152061],[-72.771547551309709,42.005588566776623],[-72.771379008986187,42.005804356401185],[-72.77121046666268,42.00602014602574],[-72.771041924339158,42.006235935650302],[-72.770873382015637,42.006451725274864],[-72.77073659958667,42.006627345879487],[-72.770599817157716,42.006802966484102],[-72.770463034728749,42.006978587088724],[-72.770326252299782,42.007154207693347],[-72.770155468110602,42.007375413881235],[-72.769984683921422,42.007596620069123],[-72.769813899732242,42.007817826257011],[-72.769623242982533,42.008038239441873],[-72.769432586232838,42.008258652626729],[-72.769241929483144,42.008479065811592],[-72.769051272733435,42.008699478996455],[-72.768860615983726,42.008919892181311],[-72.768669959234032,42.009140305366174],[-72.768521716722731,42.00929528617344],[-72.76837347421143,42.009450266980714],[-72.768225231700129,42.009605247787981],[-72.768035242078668,42.009832792610553],[-72.767845252457207,42.010060337433124],[-72.767655262835731,42.010287882255696],[-72.76746527321427,42.010515427078268],[-72.767275283592809,42.010742971900846],[-72.767085293971348,42.010970516723418],[-72.766895304349873,42.01119806154599],[-72.766705314728412,42.011425606368562],[-72.766515325106951,42.011653151191133],[-72.766407975045183,42.011862971766412],[-72.766486047817367,42.012106949179518],[-72.766573879686092,42.012350926592632],[-72.766632434265233,42.012524150555947],[-72.766686109296117,42.012697374519256],[-72.766781260487235,42.012846200741251],[-72.76690812874206,42.012965749673675],[-72.767049635641655,42.01305602131653],[-72.767191142541265,42.013146292959384],[-72.767369246052837,42.013258522569416],[-72.767557108660924,42.013341474889877],[-72.767713254205319,42.013412228339675],[-72.767869399749713,42.01348298178948],[-72.768006027101052,42.013617169366697],[-72.768142654452404,42.013751356943907],[-72.76823048632113,42.013924580907215],[-72.768318318189841,42.014097804870524],[-72.768347595479412,42.014305185671674],[-72.768376872768982,42.014512566472817],[-72.768371993220725,42.014729706370488],[-72.768367113672468,42.01494684626816],[-72.768331548740122,42.015141507388542],[-72.768295983807789,42.015336168508924],[-72.768134264704543,42.01554842483192],[-72.76797254560131,42.015760681154923],[-72.767777135018235,42.015875232186382],[-72.767581724435146,42.01598978321784],[-72.767386313852072,42.016104334249299],[-72.767209628862659,42.016246647178576],[-72.767032943873247,42.016388960107854],[-72.766941826826553,42.016592774554411],[-72.766850709779845,42.016796589000975],[-72.766771581818233,42.017007596898594],[-72.766692453856635,42.017218604796213],[-72.766733216745948,42.01735528036626],[-72.766773979635261,42.017491955936308],[-72.766788366537369,42.017666996578654],[-72.766802753439478,42.017842037220994],[-72.766771581818233,42.017985906242096],[-72.766740410197002,42.018129775263198],[-72.766658884418376,42.018264053016225],[-72.766577358639751,42.018398330769259],[-72.766391927456993,42.018625324113664],[-72.766206496274251,42.018852317458077],[-72.766021065091493,42.019079310802482],[-72.765823556015604,42.019301686128927],[-72.76562604693973,42.019524061455371],[-72.765428537863841,42.019746436781816],[-72.765231028787952,42.01996881210826],[-72.765033519712063,42.020191187434705],[-72.764836010636188,42.020413562761149],[-72.764638501560299,42.020635938087601],[-72.76444099248441,42.020858313414045],[-72.764243483408535,42.02108068874049],[-72.764045974332646,42.021303064066934],[-72.763848465256757,42.021525439393379],[-72.763650956180882,42.021747814719824],[-72.763453447104993,42.021970190046268],[-72.763255938029104,42.022192565372713],[-72.763058428953215,42.022414940699157],[-72.76286091987734,42.022637316025602],[-72.762663410801451,42.022859691352046],[-72.762465901725562,42.023082066678491],[-72.762268392649688,42.023304442004935],[-72.762070883573799,42.02352681733138],[-72.76187337449791,42.023749192657831],[-72.761675865422035,42.023971567984276],[-72.761478356346146,42.024193943310721],[-72.761280847270257,42.024416318637165],[-72.761083338194368,42.02463869396361],[-72.760885829118493,42.024861069290054],[-72.760688320042604,42.025083444616499],[-72.760601998629937,42.025308839416226],[-72.760515677217285,42.025534234215954],[-72.760493840900722,42.025754429778402],[-72.760472004584159,42.025974625340844],[-72.76048424963264,42.026133284867299],[-72.760496494681135,42.026291944393762],[-72.760564716001142,42.026486977908377],[-72.760667186514638,42.026716316676705],[-72.760711102449008,42.026921257703719],[-72.760706222900737,42.027101800989421],[-72.760633249441426,42.027344655657103],[-72.760560275982115,42.027587510324778],[-72.760487302522804,42.027830364992461],[-72.760414329063508,42.028073219660143],[-72.760341355604197,42.028316074327826],[-72.760268382144886,42.028558928995508],[-72.760195408685576,42.028801783663184],[-72.760122435226265,42.029044638330866],[-72.760040909447639,42.029298806934818],[-72.759959383669013,42.029552975538763],[-72.759877857890388,42.029807144142715],[-72.759796332111762,42.030061312746668],[-72.759646068911948,42.030278714822998],[-72.75949580571212,42.030496116899336],[-72.759345542512307,42.030713518975666],[-72.759252826920928,42.030886161800993],[-72.75916011132955,42.031058804626312],[-72.759067395738171,42.031231447451638],[-72.759038621933954,42.031399294642924],[-72.759009848129736,42.031567141834209],[-72.759000256861654,42.031778149731828],[-72.759053008836062,42.031936405655046],[-72.759105760810471,42.032094661578256],[-72.759292790537899,42.032272100037616],[-72.759479820265341,42.032449538496977],[-72.759774751758613,42.032605396603174],[-72.760069683251871,42.032761254709371],[-72.760232734809122,42.03289193573687],[-72.760395786366374,42.033022616764377],[-72.760522870668339,42.033153297791877],[-72.760649954970305,42.033283978819377],[-72.760745867651039,42.033514169253138],[-72.760736276382971,42.033773133491124],[-72.760656349149031,42.033971353031312],[-72.760576421915076,42.0341695725715],[-72.760496494681135,42.034367792111688],[-72.760359019838745,42.034607573813524],[-72.760221544996355,42.03484735551536],[-72.760084070153965,42.035087137217197],[-72.759971073026975,42.035314929833945],[-72.759858075899984,42.035542722450685],[-72.759824506461726,42.035768117250413],[-72.759862871534025,42.036022285854358],[-72.759901236606311,42.036238089386018],[-72.759882054070175,42.036463484185745],[-72.759843688997876,42.036631331377031],[-72.759721400329937,42.036758415679003],[-72.759599111662013,42.036885499980976],[-72.759412081934585,42.037072529708411],[-72.759225052207142,42.037259559435846],[-72.759153117696599,42.037389041554839],[-72.759081183186041,42.037518523673832],[-72.759042818113755,42.037662392694934],[-72.759085978820067,42.037859013690444],[-72.759210665305034,42.038024463064716],[-72.759335351789986,42.03818991243898],[-72.759409684117557,42.038357759630273],[-72.759484016445128,42.038525606821558],[-72.759498403347237,42.038715034366007],[-72.75951279024936,42.038904461910462],[-72.75946962954302,42.039103480722986],[-72.759426468836693,42.039302499535509],[-72.759350937600601,42.039499120531019],[-72.759275406364523,42.039695741526522],[-72.759199875128445,42.039892362522025],[-72.759124343892353,42.040088983517535],[-72.758993902646552,42.040288481893462],[-72.75886346140075,42.040487980269397],[-72.758733020154963,42.040687478645324],[-72.758602578909162,42.040886977021259],[-72.758472137663361,42.041086475397186],[-72.758376224982626,42.041335848367098],[-72.758280312301892,42.041585221337009],[-72.758265925399769,42.04183459430692],[-72.75825153849766,42.042083967276831],[-72.758197827396444,42.042312239456983],[-72.758144116295242,42.042540511637135],[-72.758090405194025,42.04276878381728],[-72.758036694092823,42.042997055997432],[-72.757982982991606,42.043225328177584],[-72.757925435383157,42.043484292415577],[-72.757829522702423,42.043695300313189],[-72.757647288609036,42.0438535562364],[-72.757465054515635,42.044011812159617],[-72.757244455349934,42.044179659350903],[-72.757023856184247,42.044347506542195],[-72.756740913776071,42.044505762465405],[-72.756457971367908,42.044664018388616],[-72.756312903438285,42.044788704873561],[-72.756167835508663,42.044913391358506],[-72.756071922827928,42.045047669111533],[-72.755976010147194,42.04518194686456],[-72.755900478911116,42.04544091110256],[-72.755824947675052,42.045699875340553],[-72.755750135784083,42.04591855625263],[-72.755675323893101,42.046137237164707],[-72.755600512002133,42.046355918076777],[-72.75552570011115,42.046574598988855],[-72.755450888220182,42.046793279900932],[-72.755396217992157,42.047056080646144],[-72.755341547764132,42.047318881391362],[-72.755286877536122,42.047581682136574],[-72.755232207308097,42.047844482881793],[-72.755177537080073,42.048107283627004],[-72.7551072011142,42.048356656596916]]}},
{"type":"Feature","properties":{"elevation_m":65.1,"elevation_ft":214.0,"distance_start_m":96092,"distance_end_m":96276,"lock_start":"HHC Lock 1","lock_end":"HHC Lock 2"},"geometry":{"type":"LineString","coordinates":[[-72.7551072011142,42.048356656596916],[-72.755036865148327,42.048606029566827],[-72.754966529182454,42.048855402536738],[-72.754880207769787,42.049066410434364],[-72.754827455795379,42.049195892553357],[-72.754621243531801,42.049330170306384],[-72.754386257464006,42.049421287353077],[-72.754140937482958,42.049475096728855],[-72.753895617501911,42.049528906104626]]}},
{"type":"Feature","properties":{"elevation_m":63.0,"elevation_ft":207.0,"distance_start_m":96276,"distance_end_m":96370,"lock_start":"HHC Lock 2","lock_end":"HHC Lock 3"},"geometry":{"type":"LineString","coordinates":[[-72.753895617501911,42.049528906104626],[-72.753650297520863,42.049582715480405],[-72.753367289090193,42.049641338655327],[-72.753084280659536,42.04969996183025],[-72.752801272228865,42.049758585005179]]}},
{"type":"Feature","properties":{"elevation_m":61.4,"elevation_ft":202.0,"distance_start_m":96370,"distance_end_m":96465,"lock_start":"HHC Lock 3","lock_end":"HHC Lock 4"},"geometry":{"type":"LineString","coordinates":[[-72.752801272228865,42.049758585005179],[-72.752518263798208,42.049817208180102],[-72.752235255367538,42.049875831355024],[-72.751957300658844,42.049918787991821],[-72.751679345950151,42.049961744628618]]}},
{"type":"Feature","properties":{"elevation_m":58.9,"elevation_ft":193.0,"distance_start_m":96465,"distance_end_m":96561,"lock_start":"HHC Lock 4","lock_end":"HHC Lock 5"},"geometry":{"type":"LineString","coordinates":[[-72.751679345950151,42.049961744628618],[-72.751401391241473,42.050004701265415],[-72.751123436532779,42.050047657902212],[-72.750830320658153,42.050077980234072],[-72.750537204783527,42.050108302565924]]}},
{"type":"Feature","properties":{"elevation_m":53.3,"elevation_ft":175.0,"distance_start_m":96561,"distance_end_m":96750,"lock_start":"HHC Lock 5","lock_end":"HHC Lock 6"},"geometry":{"type":"LineString","coordinates":[[-72.750537204783527,42.050108302565924],[-72.7502440889089,42.050138624897784],[-72.749991402810096,42.050212746153434],[-72.749738716711278,42.050286867409085],[-72.749486030612474,42.050360988664735],[-72.749280512585443,42.050492385436115],[-72.749074994558413,42.050623782207495],[-72.748869476531382,42.050755178978875],[-72.748808831867663,42.050805716198639],[-72.748668993612114,42.050972467975598]]}},
{"type":"Feature","properties":{"elevation_m":52.7,"elevation_ft":173.0,"distance_start_m":96750,"distance_end_m":97226,"lock_start":"HHC Lock 6","lock_end":"HHC Lock 7"},"geometry":{"type":"LineString","coordinates":[[-72.748668993612114,42.050972467975598],[-72.748529155356579,42.051139219752564],[-72.748389317101029,42.051305971529523],[-72.748214276458683,42.051463028544227],[-72.74803923581635,42.05162008555893],[-72.747864195174003,42.051777142573634],[-72.747689154531656,42.051934199588338],[-72.747480544451065,42.052094853328569],[-72.74727193437046,42.052255507068807],[-72.747063324289854,42.052416160809038],[-72.746854714209263,42.052576814549269],[-72.746622925230824,42.052751055919273],[-72.74639113625237,42.052925297289271],[-72.746159347273931,42.053099538659275],[-72.745967521912462,42.053255396765465],[-72.745775696550993,42.053411254871662],[-72.745660601334109,42.053593488965063],[-72.745545506117224,42.053775723058457],[-72.745489225852396,42.053963501602652],[-72.745432945587581,42.054151280146854],[-72.745345347739999,42.054380382209771]]}},
{"type":"Feature","properties":{"elevation_m":49.8,"elevation_ft":163.0,"distance_start_m":97226,"distance_end_m":100889,"lock_start":"HHC Lock 7","lock_end":"HHC Lock 8"},"geometry":{"type":"LineString","coordinates":[[-72.745345347739999,42.054380382209771],[-72.745257749892403,42.054609484272696],[-72.745170152044821,42.054838586335613],[-72.745081711910245,42.055086218712447],[-72.744993271775655,42.055333851089273],[-72.744904831641065,42.055581483466106],[-72.74481639150649,42.05582911584294],[-72.744751956551298,42.056012313264574],[-72.744687521596106,42.056195510686216],[-72.744634457515346,42.05633954176254],[-72.744581393434586,42.056483572838857],[-72.744523275631863,42.056683194856916],[-72.744515695048904,42.056852494543122],[-72.744513168187908,42.057110234363904],[-72.74450053388297,42.057355339879749],[-72.744472738412099,42.057527166426937],[-72.744399459443443,42.057688885530176],[-72.744353975945614,42.057757110776869],[-72.744227632896212,42.057863238938367],[-72.74410128984681,42.057949152211961],[-72.743873872357881,42.058060334095437],[-72.743742475586501,42.058131086203105],[-72.743580756483269,42.058196784588795],[-72.743429144823978,42.058292805306337],[-72.743252264554812,42.058403987189813],[-72.743110760339476,42.058560652571074],[-72.743034954509838,42.058692049342454],[-72.742981890429107,42.05886134902866],[-72.742923772626369,42.059103927683516],[-72.742868181684642,42.059343979477383],[-72.74278479527203,42.059573923827301],[-72.74266097908361,42.059824083065116],[-72.742534636034208,42.060046446832068],[-72.742395658679882,42.060273864321005],[-72.742231412715654,42.060481066922023],[-72.742074747334399,42.060657947191189],[-72.741907974509175,42.060807031989491],[-72.741751309127906,42.060923267594944],[-72.741637600383456,42.060978858536679],[-72.74149609616812,42.061019288312487],[-72.741296474150062,42.061054664366324],[-72.741089271549029,42.061090040420154],[-72.740861854060114,42.06111278216904],[-72.740654651459081,42.061115309030029],[-72.740503039799805,42.061127943334967],[-72.740499012615075,42.061128496085814],[-72.740295837198772,42.061158265666826],[-72.740151806122455,42.061188587998686],[-72.740033043656013,42.061216383469549],[-72.739873851413762,42.061266920689313],[-72.73971213231053,42.061347780240936],[-72.73957315495619,42.06144127409749],[-72.739434177601836,42.061567617146899],[-72.739328049440346,42.061671218447408],[-72.739219394417859,42.061777346608906],[-72.739105685673394,42.061908743380286],[-72.738933859126206,42.06208309678847],[-72.738769613161978,42.062234708447754],[-72.738638216390598,42.062398954411975],[-72.738506819619204,42.062563200376196],[-72.738393110874739,42.062680699412141],[-72.738279402130274,42.062798198448093],[-72.738132844192975,42.062919487775517],[-72.738001447421595,42.063038250241959],[-72.737928168452939,42.063151958986424],[-72.737872577511197,42.063270721452866],[-72.737842255179345,42.063407171946217],[-72.737834674596371,42.063586579076372],[-72.737882684955153,42.063824104009257],[-72.737920587869965,42.064061628942135],[-72.737915534147987,42.06426883154316],[-72.737859943206246,42.064491195310111],[-72.737758868766718,42.064748935130893],[-72.737589569080512,42.064981406341801],[-72.73742026939432,42.065213877552701],[-72.737276238318003,42.065403392126811],[-72.737132207241686,42.065592906700914],[-72.737031132802159,42.065777367553046],[-72.736930058362631,42.065961828405179],[-72.736822245627138,42.066131970378379],[-72.736714432891659,42.066302112351572],[-72.736606620156167,42.066472254324772],[-72.736436057039469,42.066633973428011],[-72.736265493922772,42.066795692531244],[-72.736094930806075,42.066957411634483],[-72.735924367689378,42.067119130737723],[-72.735756331433663,42.067314962464302],[-72.735588295177962,42.067510794190881],[-72.735420258922261,42.067706625917452],[-72.735252222666546,42.067902457644031],[-72.735098084146273,42.068064176747271],[-72.734943945626,42.068225895850503],[-72.734788543675236,42.0683964589672],[-72.734633141724473,42.068567022083897],[-72.734477739773709,42.068737585200594],[-72.734322337822945,42.068908148317291],[-72.734155564997735,42.06907744800349],[-72.733988792172511,42.069246747689689],[-72.733822019347301,42.069416047375896],[-72.73365524652209,42.069585347062095],[-72.733480387741707,42.069765259564448],[-72.733305528961338,42.069945172066802],[-72.733130670180955,42.070125084569149],[-72.732955811400586,42.070304997071503],[-72.732780952620203,42.070484909573857],[-72.732652082709805,42.070669370425989],[-72.732523212799407,42.070853831278114],[-72.732412030915924,42.071038292130247],[-72.732300849032455,42.071222752982379],[-72.732207355175902,42.07135162289277],[-72.732113861319348,42.071480492803161],[-72.732027948045754,42.071639685045412],[-72.73194203477216,42.071798877287662],[-72.731906658718316,42.07197070383485],[-72.731871282664486,42.072142530382038],[-72.731851067776589,42.072390162758879],[-72.7318257991667,42.072531666974214],[-72.731800530556825,42.072673171189543],[-72.73172977844915,42.072925857288354],[-72.731641338314574,42.073054727198745],[-72.731552898179984,42.073183597109136],[-72.731494780377261,42.073314993880516],[-72.731436662574538,42.073446390651895],[-72.731418974547623,42.073590421728213],[-72.731401286520708,42.073734452804537],[-72.731386125354774,42.073931547961614],[-72.731434135713556,42.074065471593983],[-72.731482146072324,42.074199395226344],[-72.731568059345918,42.074426812715274],[-72.731608489121726,42.074608746706417],[-72.731618596565681,42.074785626975583],[-72.731588274233829,42.074982722132653],[-72.731560478762958,42.075093904016136],[-72.731509941543209,42.075230354509493],[-72.731439189435534,42.075427449666563],[-72.731384861924283,42.075577797895356],[-72.731330534413047,42.075728146124149],[-72.731249674861431,42.07595303675209],[-72.731144810130417,42.076171610227554],[-72.731039945399417,42.076390183703019],[-72.730969193291742,42.076539268501314],[-72.730898441184081,42.076688353299609],[-72.730812527910487,42.076877867873719],[-72.730726614636893,42.077067382447822],[-72.730673550556133,42.077229101551062],[-72.730620486475388,42.077390820654301],[-72.730549734367713,42.077562647201489],[-72.730478982260053,42.077734473748677],[-72.730350112349669,42.077929042044758],[-72.730221242439271,42.078123610340846],[-72.730072157640976,42.078315651775938],[-72.729923072842681,42.07850769321103],[-72.729827052125131,42.078649197426365],[-72.729731031407582,42.078790701641701],[-72.729587474117693,42.079000391621477],[-72.729443916827805,42.079210081601254],[-72.729335261805318,42.079336424650663],[-72.729234187365776,42.079480455726973],[-72.729095210011423,42.079594164471438],[-72.728925910325231,42.079717980659851],[-72.728693439114323,42.079851904292219],[-72.728491290235283,42.079970666758662],[-72.728258819024376,42.080102063530042],[-72.728097099921129,42.08020819169154],[-72.727940434539875,42.080324427296993],[-72.727816618351468,42.080410340570594],[-72.727665006692192,42.080534156759008],[-72.727551297947727,42.080642811781495],[-72.727437589203262,42.080796950301767],[-72.727374417678561,42.080971303709944],[-72.727344095346709,42.08114818397911],[-72.727349149068672,42.081266946445552],[-72.727387051983499,42.081486783351515],[-72.727412320593345,42.081719254562422],[-72.727412320593345,42.081865812499728],[-72.727412320593345,42.082012370437035],[-72.727407266871381,42.082196831289167],[-72.727402213149404,42.082381292141299],[-72.727402213149404,42.082639031962081]]}},
{"type":"Feature","properties":{"elevation_m":45.7,"elevation_ft":150.0,"distance_start_m":100889,"distance_end_m":101319,"lock_start":"HHC Lock 8","lock_end":"HHC Lock 9"},"geometry":{"type":"LineString","coordinates":[[-72.727402213149404,42.082639031962081],[-72.727376944539515,42.082876556894966],[-72.727346622207662,42.083038275998206],[-72.72731629987581,42.083199995101438],[-72.727291031265935,42.083440046895305],[-72.727280923821979,42.083624507747437],[-72.727284714113466,42.083769802254253],[-72.727288504404939,42.083915096761061],[-72.727354202790622,42.084175363442831],[-72.727404740010385,42.084410361514728],[-72.727407266871381,42.08460240294982],[-72.727384525122488,42.084786863801952],[-72.727339041624703,42.084953636627162],[-72.727280923821979,42.085100194564468],[-72.727154580772563,42.085234118196837],[-72.727033291445139,42.085380676134143],[-72.726891787229803,42.085532287793434],[-72.726757863597442,42.085688953174696],[-72.726651735435937,42.085820349946076],[-72.726558241579383,42.086025025686105],[-72.726525392386534,42.086176637345396],[-72.726483699180193,42.086333302726651]]}},
{"type":"Feature","properties":{"elevation_m":43.6,"elevation_ft":143.0,"distance_start_m":101319,"distance_end_m":110352,"lock_start":"HHC Lock 9","lock_end":"HHC Lock 10"},"geometry":{"type":"LineString","coordinates":[[-72.726483699180193,42.086333302726651],[-72.726442005973837,42.086489968107905],[-72.726351038978265,42.086684536403986],[-72.726260071982708,42.086879104700067],[-72.726143836377247,42.087055984969233],[-72.726027600771801,42.087232865238398],[-72.725875989112524,42.08742490667349],[-72.725724377453233,42.08761694810859],[-72.725562658349986,42.087796355238744],[-72.725400939246754,42.087975762368899],[-72.725229112699566,42.088112212862256],[-72.725057286152378,42.088248663355607],[-72.72487629973412,42.088326996046192],[-72.724695313315848,42.088405328736783],[-72.724563916544469,42.088448917088826],[-72.724258798080143,42.088516510620344],[-72.724044014896151,42.088526618064293],[-72.723829231712159,42.088536725508249],[-72.723536115837547,42.08859231644999],[-72.723242999962935,42.088647907391724],[-72.722973468124209,42.088762458423183],[-72.722703936285484,42.088877009454649],[-72.722434404446759,42.088991560486107],[-72.722208671531817,42.089075789185706],[-72.72198293861689,42.089160017885312],[-72.721757205701948,42.089244246584911],[-72.721565164266849,42.089365535912343],[-72.721373122831764,42.089486825239767],[-72.721181081396665,42.089608114567199],[-72.721015993145443,42.089746249634544],[-72.72085090489422,42.089884384701897],[-72.720685816642998,42.090022519769242],[-72.720530835835731,42.090174131428526],[-72.72037585502845,42.090325743087817],[-72.720220874221184,42.090477354747101],[-72.720008617898188,42.090679503626149],[-72.719796361575192,42.090881652505189],[-72.719611058436058,42.091040002460439],[-72.719425755296925,42.091198352415695],[-72.719240452157791,42.091356702370945],[-72.719085471350525,42.091518421474184],[-72.718930490543258,42.091680140577417],[-72.718775509735991,42.091841859680656],[-72.718568307134973,42.09205916972563],[-72.71836110453394,42.092276479770611],[-72.718189277986752,42.092463467483725],[-72.718047773771417,42.092615079143009],[-72.717931538165971,42.092791959412175],[-72.717886054668185,42.092978947125296],[-72.717896162112126,42.093140666228528],[-72.717931538165971,42.093337761385598],[-72.717997236551668,42.093479265600934],[-72.71806293493735,42.093620769816269],[-72.718206966013668,42.093865875332114],[-72.718350997089971,42.094110980847951],[-72.718458809825464,42.094287861117117],[-72.718566622560957,42.09446474138629],[-72.71867443529645,42.094641621655455],[-72.718770456013999,42.094803340758688],[-72.718820993233763,42.095030758247617],[-72.718808358928811,42.095172262462953],[-72.718795724623874,42.095313766678288],[-72.718760348570044,42.095480539503498],[-72.718724972516199,42.095647312328715],[-72.718712338211262,42.095806504570966],[-72.718699703906324,42.095965696813217],[-72.71870981135028,42.096193114302139],[-72.71875276798707,42.096339672239452],[-72.718795724623874,42.096486230176758],[-72.718884164758464,42.09663531497506],[-72.71897260489304,42.096784399773355],[-72.719076206193549,42.09689810851782],[-72.719179807494058,42.097011817262278],[-72.719359214624205,42.097163428921547],[-72.719538621754353,42.097315040580824],[-72.719667491664751,42.09748434026703],[-72.719796361575149,42.097653639953229],[-72.719877221126765,42.097817885917451],[-72.719958080678381,42.097982131881679],[-72.720025463638066,42.098159012150845],[-72.720092846597737,42.09833589242001],[-72.720160229557422,42.098512772689176],[-72.720246142831016,42.098745243900083],[-72.72033205610461,42.098977715110983],[-72.720390173907333,42.099230401209795],[-72.720448291710056,42.099483087308606],[-72.720478614041923,42.099675128743698],[-72.720508936373776,42.099867170178783],[-72.720521570678727,42.100076899640797],[-72.720534204983664,42.100286629102804],[-72.720458399154012,42.100524154035682],[-72.720382593324373,42.10076167896856],[-72.720215820499163,42.100999203901445],[-72.720127380364573,42.101123020089858],[-72.720038940229998,42.101246836278271],[-72.719947973234426,42.101489414933134],[-72.719917650902573,42.10173199358799],[-72.719887328570707,42.101974572242845],[-72.719864586821814,42.102174194260904],[-72.719841845072935,42.102373816278963],[-72.719862059960832,42.102570911436032],[-72.719882274848743,42.102768006593102],[-72.719877221126765,42.103003004664998],[-72.719872167404787,42.103238002736887],[-72.719821630185024,42.103445205337906],[-72.71977109296526,42.103652407938931],[-72.719702867718581,42.103811600181182],[-72.719634642471902,42.103970792423432],[-72.719515880005474,42.10417294130248],[-72.719397117539032,42.104375090181527],[-72.719354160902228,42.104506486952907],[-72.719311204265423,42.104637883724287],[-72.719250559601662,42.104822134004586],[-72.7191899149379,42.105006384284884],[-72.719129270274138,42.105190634565183],[-72.719034934130576,42.105357407390393],[-72.718940597987,42.10552418021561],[-72.718846261843439,42.105690953040821],[-72.718664327852295,42.105857725866031],[-72.718482393861152,42.106024498691248],[-72.718340889645816,42.106262023624126],[-72.718199385430481,42.106499548557004],[-72.718192647134515,42.106705066584034],[-72.718185908838549,42.106910584611065],[-72.718179170542584,42.107116102638095],[-72.718290352426067,42.107348573848995],[-72.718401534309535,42.107581045059902],[-72.718586837448669,42.107761294477065],[-72.718772140587816,42.107941543894228],[-72.71895744372695,42.10812179331139],[-72.719208108336971,42.108305748791317],[-72.719458772946979,42.108489704271243],[-72.719709437557,42.108673659751169],[-72.719960102167008,42.108857615231095],[-72.720210766777029,42.109041570711021],[-72.720503882651656,42.109188128648327],[-72.720796998526268,42.10933468658564],[-72.721014308571256,42.109380170083426],[-72.72123161861623,42.109425653581212],[-72.721474197271078,42.109425653581212],[-72.721716775925941,42.109425653581212],[-72.72203347583644,42.10932963286367],[-72.722350175746953,42.10923361214612],[-72.722666875657453,42.109137591428578],[-72.72293472292219,42.109092107930792],[-72.723202570186928,42.109046624433006],[-72.723470417451665,42.10900114093522],[-72.723738264716403,42.108955657437434],[-72.723980843371265,42.108903435643676],[-72.724223422026114,42.108851213849924],[-72.724466000680977,42.108798992056165],[-72.724809653775353,42.10871560564356],[-72.725153306869728,42.108632219230955],[-72.725409362116523,42.108526091069457],[-72.725665417363317,42.108419962907952],[-72.725921472610111,42.108313834746454],[-72.726221326780703,42.108182437975081],[-72.726521180951281,42.108051041203716],[-72.726821035121873,42.107919644432343],[-72.727029922296893,42.107801724252887],[-72.727238809471899,42.107683804073439],[-72.727447696646919,42.107565883893983],[-72.727718070772639,42.107492604925326],[-72.727988444898358,42.10741932595667],[-72.728258819024092,42.10734604698802],[-72.728529193149811,42.107272768019364],[-72.728832416468379,42.107216166333231],[-72.729135639786946,42.107159564647098],[-72.729438863105528,42.107102962960965],[-72.729742086424096,42.107046361274833],[-72.730045309742664,42.1069897595887],[-72.73038896283704,42.106997845543859],[-72.730732615931416,42.107005931499025],[-72.731076269025806,42.107014017454183],[-72.731419922120182,42.107022103409349],[-72.731763575214558,42.107030189364508],[-72.732063429385136,42.107070619140316],[-72.732363283555728,42.107111048916124],[-72.73266313772632,42.107151478691932],[-72.732962991896898,42.107191908467748],[-72.733262846067475,42.107232338243556],[-72.733562700238068,42.107272768019364],[-72.733886145156433,42.107308067273848],[-72.734209590074798,42.107343366528333],[-72.734533034993163,42.107378665782818],[-72.734856479911542,42.107413965037303],[-72.735179924829907,42.107449264291787],[-72.735503369748272,42.107484563546272],[-72.735826814666638,42.107519862800757],[-72.736150259585003,42.107555162055242],[-72.736432003084673,42.107574344591384],[-72.736713746584329,42.107593527127534],[-72.736995490083984,42.107612709663684],[-72.737277233583654,42.107631892199826],[-72.7374930371153,42.107646279101942],[-72.737704045012919,42.107699031076343],[-72.737967804884946,42.107775761220829],[-72.738150038978347,42.107895652071733],[-72.738337068705789,42.107977177850358],[-72.738524098433217,42.108058703628984],[-72.738825024469023,42.108161809760773],[-72.739125950504842,42.108264915892562],[-72.739426876540648,42.108368022024358],[-72.739727802576454,42.108471128156147],[-72.739969982095303,42.108610201543222],[-72.740212161614153,42.108749274930304],[-72.740454341133017,42.108888348317379],[-72.740696520651866,42.109027421704454],[-72.740941097987744,42.109203661255307],[-72.741185675323607,42.109379900806154],[-72.741430252659484,42.109556140357],[-72.741674829995361,42.109732379907854],[-72.741928998599306,42.109875289802147],[-72.742183167203265,42.110018199696441],[-72.74243733580721,42.110161109590742],[-72.742691504411169,42.110304019485035],[-72.742945673015114,42.110446929379329],[-72.743175863448897,42.110597991851492],[-72.743406053882666,42.110749054323662],[-72.743631448682393,42.110859353906505],[-72.743856843482121,42.110969653489349],[-72.74402948630744,42.111156683216784],[-72.744202129132759,42.111343712944219],[-72.744254881107167,42.111549925207797],[-72.744307633081576,42.111756137471382],[-72.74436038505597,42.111962349734966],[-72.744413137030378,42.112168561998544],[-72.744465889004786,42.112379569896163],[-72.74451864097918,42.112590577793782],[-72.744571392953588,42.112801585691393],[-72.744624144927997,42.113012593589012],[-72.744705670706622,42.113269160009978],[-72.744787196485234,42.113525726430936],[-72.744868722263845,42.113782292851901],[-72.744950248042471,42.114038859272867],[-72.745055751991273,42.114290150496394],[-72.74516125594009,42.114541441719922],[-72.745266759888892,42.114792732943442],[-72.745372263837709,42.11504402416697],[-72.745477767786511,42.115295315390497],[-72.745572310286093,42.11551659964676],[-72.745666852785675,42.115737883903023],[-72.745761395285257,42.115959168159286],[-72.745855937784825,42.116180452415556],[-72.745950480284407,42.116401736671818],[-72.746045022783989,42.116623020928081],[-72.746139565283571,42.116844305184344],[-72.746202867652855,42.117093678154255],[-72.746266170022139,42.117343051124166],[-72.746329472391423,42.117592424094084],[-72.746392774760707,42.117841797063996],[-72.746456077129992,42.118091170033907],[-72.746440091683198,42.118355249614865],[-72.746424106236418,42.118619329195823],[-72.746408120789624,42.118883408776782],[-72.746392135342845,42.11914748835774],[-72.746376149896051,42.119411567938698],[-72.746360164449257,42.119675647519657],[-72.746344179002477,42.119939727100615],[-72.746328193555684,42.120203806681566],[-72.746312208108904,42.120467886262524],[-72.74629622266211,42.120731965843483],[-72.746280237215316,42.120996045424441],[-72.746264251768537,42.121260125005399],[-72.746248266321743,42.121524204586358],[-72.746232280874963,42.121788284167316],[-72.746216295428169,42.122052363748274],[-72.746327554137821,42.122306532352226],[-72.746438812847472,42.122560700956171],[-72.746550071557124,42.122814869560116],[-72.746661330266775,42.123069038164068],[-72.746772588976427,42.123323206768021],[-72.746883847686092,42.123577375371966],[-72.746995106395744,42.123831543975911],[-72.747106365105395,42.124085712579863],[-72.747217623815047,42.124339881183815],[-72.747328882524698,42.12459404978776],[-72.747463160277732,42.124837028578959],[-72.747597438030752,42.125080007370151],[-72.747731715783786,42.125322986161351],[-72.74786599353682,42.12556596495255],[-72.74800027128984,42.125808943743742],[-72.748134549042874,42.126051922534941],[-72.748218472638513,42.126253339164485],[-72.748302396234152,42.126454755794029],[-72.748386319829805,42.126656172423573],[-72.748470243425444,42.126857589053117],[-72.74850860849773,42.127092575120919],[-72.748546973570029,42.127327561188721],[-72.748518199765812,42.12753856908634],[-72.748489425961594,42.127749576983959],[-72.748419089995721,42.127931811077353],[-72.748348754029848,42.128114045170754],[-72.748278418063975,42.128296279264148],[-72.748129753408847,42.128516878429835],[-72.747981088753704,42.128737477595529],[-72.747808445928371,42.128919711688923],[-72.747635803103051,42.129101945782324],[-72.74746179009658,42.12929925186841],[-72.747287777090094,42.129496557954496],[-72.747113764083622,42.129693864040583],[-72.746939751077136,42.129891170126669],[-72.746765738070664,42.130088476212755],[-72.746591725064178,42.130285782298841],[-72.746417712057706,42.130483088384928],[-72.746259456134496,42.130710881001676],[-72.746101200211285,42.130938673618417],[-72.745942944288075,42.131166466235165],[-72.745784688364864,42.131394258851913],[-72.745706039966663,42.131624449285674],[-72.745627391568462,42.131854639719442],[-72.745548743170247,42.132084830153204],[-72.745470094772045,42.132315020586972],[-72.745391446373844,42.132545211020734],[-72.745340133089641,42.132807052639137],[-72.745288819805438,42.133068894257541],[-72.745237506521221,42.133330735875951],[-72.745186193237018,42.133592577494355],[-72.745134879952815,42.133854419112758],[-72.745086923612448,42.134113383350744],[-72.74503896727208,42.13437234758873],[-72.744919076421155,42.1346169249246],[-72.744799185570244,42.134861502260478],[-72.74466490781721,42.135048531987913],[-72.744530630064176,42.135235561715348],[-72.744353191604816,42.135355452566266],[-72.744175753145456,42.135475343417184],[-72.743927978720222,42.135540883749009],[-72.743680204294989,42.135606424080841],[-72.743432429869756,42.135671964412666],[-72.743106326755253,42.135734307655142],[-72.74278022364075,42.135796650897618],[-72.742569215743131,42.135962100271882],[-72.742358207845513,42.136127549646154],[-72.742144802130881,42.136264225216209],[-72.741931396416248,42.136400900786256],[-72.741670034361249,42.136539974173331],[-72.74140867230625,42.136679047560413],[-72.741352723242485,42.136933216164365],[-72.741296774178721,42.13718738476831],[-72.741240825114971,42.137441553372255],[-72.741184876051207,42.137695721976208],[-72.741128926987443,42.13794989058016],[-72.741072977923679,42.138204059184105],[-72.741128494393905,42.138468960809419],[-72.741184010864131,42.138733862434734],[-72.741239527334358,42.138998764060048],[-72.741295043804584,42.139263665685355],[-72.74135056027481,42.13952856731067],[-72.741406076745037,42.139793468935984],[-72.741644109520166,42.139933227510127],[-72.741882142295296,42.140072986084263],[-72.742120175070426,42.140212744658406],[-72.742358207845555,42.140352503232549],[-72.742466109611343,42.140563511130168],[-72.742574011377116,42.140774519027779],[-72.742660332789782,42.140982329836042],[-72.742746654202435,42.141190140644298],[-72.742832975615102,42.141397951452561],[-72.7428579129121,42.14162238712548],[-72.742882850209085,42.141846822798399],[-72.742907787506084,42.142071258471326],[-72.742932724803069,42.142295694144245],[-72.742957662100068,42.142520129817164],[-72.742713084764191,42.142678385740382]]}},
{"type":"Feature","properties":{"elevation_m":47.1,"elevation_ft":154.0,"distance_start_m":110352,"distance_end_m":110779,"lock_start":"HHC Lock 10","lock_end":"HHC Lock 11"},"geometry":{"type":"LineString","coordinates":[[-72.742713084764191,42.142678385740382],[-72.742468507428313,42.142836641663592],[-72.742190360654178,42.142942145612402],[-72.741912213880042,42.143047649561211],[-72.741583370403234,42.143106567350806],[-72.741254526926426,42.143165485140401],[-72.740925683449618,42.143224402929995],[-72.740596839972824,42.14328332071959],[-72.740267996496016,42.143342238509184],[-72.739939153019208,42.143401156298779],[-72.7396103095424,42.143460074088374],[-72.739298593330034,42.143555986769108],[-72.738986877117654,42.143651899449843],[-72.738675160905288,42.143747812130577],[-72.73844976610556,42.143867702981495],[-72.738224371305833,42.143987593832421],[-72.737998976506105,42.144107484683339]]}},
{"type":"Feature","properties":{"elevation_m":53.6,"elevation_ft":176.0,"distance_start_m":110779,"distance_end_m":111255,"lock_start":"HHC Lock 11","lock_end":"HHC Lock 12"},"geometry":{"type":"LineString","coordinates":[[-72.737998976506105,42.144107484683339],[-72.737773581706378,42.144227375534257],[-72.737529004370501,42.144383233640447],[-72.737284427034638,42.144539091746637],[-72.73703984969876,42.144694949852834],[-72.736795272362883,42.144850807959024],[-72.736747316022516,42.14510737437999],[-72.736699359682149,42.145363940800962],[-72.736651403341781,42.145620507221928],[-72.736603447001414,42.145877073642893],[-72.73664660770774,42.146100070625607],[-72.736689768414067,42.146323067608321],[-72.736732929120393,42.146546064591028],[-72.736776089826719,42.146769061573742],[-72.736911737760906,42.146982809833666],[-72.737047385695092,42.14719655809359],[-72.737183033629279,42.147410306353514],[-72.737318681563465,42.147624054613431],[-72.737454329497652,42.147837802873354]]}},
{"type":"Feature","properties":{"elevation_m":59.4,"elevation_ft":195.0,"distance_start_m":111255,"distance_end_m":111583,"lock_start":"HHC Lock 12","lock_end":"HHC Lock 13"},"geometry":{"type":"LineString","coordinates":[[-72.737454329497652,42.147837802873354],[-72.737589977431838,42.148051551133278],[-72.737725625366025,42.148265299393202],[-72.737889476195605,42.148481702379115],[-72.738053327025185,42.148698105365028],[-72.738217177854764,42.148914508350941],[-72.738381028684344,42.149130911336854],[-72.738544879513924,42.149347314322767],[-72.738708730343518,42.149563717308681],[-72.738872581173098,42.149780120294587],[-72.739036432002678,42.1499965232805],[-72.739200282832257,42.150212926266413],[-72.739364133661837,42.150429329252326]]}},
{"type":"Feature","properties":{"elevation_m":59.5,"elevation_ft":195.0,"distance_start_m":111583,"distance_end_m":111690,"lock_start":"HHC Lock 13","lock_end":"HHC Lock 14"},"geometry":{"type":"LineString","coordinates":[[-72.739364133661837,42.150429329252326],[-72.739527984491417,42.150645732238239],[-72.739691835320997,42.150862135224152],[-72.739872071233549,42.151050363860094],[-72.740052307146087,42.151238592496036]]}},
{"type":"Feature","properties":{"elevation_m":60.3,"elevation_ft":198.0,"distance_start_m":111690,"distance_end_m":111819,"lock_start":"HHC Lock 14","lock_end":"HHC Lock 15"},"geometry":{"type":"LineString","coordinates":[[-72.740052307146087,42.151238592496036],[-72.740232543058639,42.151426821131977],[-72.740412778971191,42.151615049767926],[-72.740593014883729,42.151803278403868],[-72.740773250796281,42.15199150703981],[-72.741035811759801,42.152129381518364]]}},
{"type":"Feature","properties":{"elevation_m":62.8,"elevation_ft":206.0,"distance_start_m":111819,"distance_end_m":112004,"lock_start":"HHC Lock 15","lock_end":"HHC Lock 16"},"geometry":{"type":"LineString","coordinates":[[-72.741035811759801,42.152129381518364],[-72.741298372723321,42.152267255996925],[-72.741570524954909,42.152370362128714],[-72.741842677186497,42.152473468260503],[-72.742098044698963,42.15262493036883],[-72.742353412211415,42.152776392477151],[-72.742608779723881,42.152927854585478],[-72.742864147236347,42.153079316693805]]}},
{"type":"Feature","properties":{"elevation_m":65.4,"elevation_ft":214.0,"distance_start_m":112004,"distance_end_m":112148,"lock_start":"HHC Lock 16","lock_end":"HHC Lock 17"},"geometry":{"type":"LineString","coordinates":[[-72.742864147236347,42.153079316693805],[-72.743119514748798,42.153230778802126],[-72.743374882261264,42.153382240910453],[-72.743635445043921,42.153569270637888],[-72.743896007826592,42.15375630036533],[-72.744156570609249,42.153943330092766]]}},
{"type":"Feature","properties":{"elevation_m":67.9,"elevation_ft":223.0,"distance_start_m":112148,"distance_end_m":112355,"lock_start":"HHC Lock 17","lock_end":"HHC Lock 18"},"geometry":{"type":"LineString","coordinates":[[-72.744156570609249,42.153943330092766],[-72.744262444948902,42.154197139011259],[-72.744368319288554,42.15445094792976],[-72.744474193628221,42.154704756848254],[-72.744580067967874,42.154958565766755],[-72.744685942307527,42.155212374685249],[-72.744749113832228,42.155477695088997],[-72.744812285356929,42.155743015492746]]}},
{"type":"Feature","properties":{"elevation_m":70.9,"elevation_ft":233.0,"distance_start_m":112355,"distance_end_m":119456,"lock_start":"HHC Lock 18","lock_end":"HHC Lock 19"},"geometry":{"type":"LineString","coordinates":[[-72.744812285356929,42.155743015492746],[-72.74487545688163,42.156008335896495],[-72.744938628406331,42.156273656300243],[-72.745001799931032,42.156538976703992],[-72.745064971455747,42.15680429710774],[-72.745128142980448,42.157069617511489],[-72.745191314505149,42.157334937915238],[-72.74525448602985,42.157600258318993],[-72.745317657554551,42.157865578722742],[-72.745380829079252,42.15813089912649],[-72.745444000603953,42.158396219530239],[-72.745507172128654,42.158661539933988],[-72.745570343653355,42.158926860337736],[-72.745633515178056,42.159192180741485],[-72.745696686702757,42.159457501145233],[-72.745759858227473,42.159722821548982],[-72.745823029752174,42.159988141952731],[-72.745886201276875,42.160253462356479],[-72.745949372801576,42.160518782760228],[-72.746012544326277,42.160784103163977],[-72.746075715850978,42.161049423567725],[-72.746138887375679,42.161314743971474],[-72.74620205890038,42.161580064375229],[-72.746265230425081,42.161845384778978],[-72.746328401949782,42.162110705182727],[-72.746391573474497,42.162376025586475],[-72.746454744999198,42.162641345990224],[-72.746517916523899,42.162906666393972],[-72.7465810880486,42.163171986797721],[-72.746644259573301,42.16343730720147],[-72.746707431098002,42.163702627605218],[-72.746732153904304,42.163955742537922],[-72.74675687671062,42.164208857470626],[-72.746781599516922,42.16446197240333],[-72.746806322323238,42.164715087336027],[-72.746831045129539,42.164968202268732],[-72.746855767935855,42.165221317201436],[-72.746880490742157,42.16547443213414],[-72.746849992253587,42.165718025875663],[-72.746819493765031,42.165961619617192],[-72.746788995276461,42.166205213358715],[-72.746758496787891,42.166448807100245],[-72.74672799829932,42.166692400841768],[-72.746697499810764,42.166935994583298],[-72.746667001322194,42.167179588324821],[-72.74660288064328,42.167419892408262],[-72.74653875996438,42.167660196491703],[-72.746474639285466,42.167900500575143],[-72.746410518606552,42.168140804658584],[-72.746264251768437,42.168363801641291],[-72.746117984930322,42.168586798624005],[-72.745971718092193,42.16880979560672],[-72.745825451254078,42.169032792589427],[-72.745668048875999,42.169271001001398],[-72.74551064649792,42.169509209413377],[-72.745353244119855,42.169747417825349],[-72.745195841741776,42.16998562623732],[-72.745038439363697,42.170223834649299],[-72.744881036985618,42.170462043061271],[-72.744723634607539,42.170700251473242],[-72.74456623222946,42.170938459885221],[-72.744408829851395,42.171176668297193],[-72.744251427473316,42.171414876709171],[-72.744094025095237,42.171653085121143],[-72.743936622717158,42.171891293533115],[-72.743779220339079,42.172129501945093],[-72.743621817960999,42.172367710357065],[-72.743464415582935,42.172605918769037],[-72.743307013204856,42.172844127181015],[-72.743149610826777,42.173082335592987],[-72.743045041331726,42.1733322621144],[-72.742940471836675,42.173582188635812],[-72.742835902341611,42.173832115157218],[-72.74273133284656,42.174082041678631],[-72.74262676335151,42.174331968200043],[-72.742579138678025,42.174575161928736],[-72.74253151400454,42.174818355657436],[-72.742483889331055,42.175061549386129],[-72.742436264657556,42.175304743114822],[-72.742388639984071,42.175547936843522],[-72.742341015310586,42.175791130572215],[-72.742388687365064,42.176057446574397],[-72.742436359419543,42.176323762576587],[-72.742484031474021,42.176590078578769],[-72.742531703528513,42.176856394580959],[-72.742579375582991,42.177122710583141],[-72.74262704763747,42.177389026585331],[-72.742674719691948,42.177655342587514],[-72.742695500772768,42.177915905370178],[-72.742716281853603,42.178176468152841],[-72.742737062934424,42.178437030935505],[-72.742677117508961,42.178636049748036],[-72.742617172083499,42.178835068560559],[-72.742487689964463,42.178981335398696],[-72.742358207845442,42.179127602236832],[-72.742249107171119,42.179267874532407],[-72.742140006496797,42.179408146827981],[-72.742070469803267,42.179600771461786],[-72.742000933109736,42.179793396095597],[-72.741931396416206,42.179986020729402],[-72.741899425522618,42.180213014073807],[-72.741867454629045,42.180440007418213],[-72.741835483735457,42.180667000762618],[-72.741811505565266,42.180866818847484],[-72.74178752739509,42.18106663693235],[-72.741763549224899,42.181266455017216],[-72.741799516480171,42.18144868911061],[-72.741835483735457,42.181630923204011],[-72.741998535292709,42.181840012848014],[-72.74216158684996,42.182049102492016],[-72.742324638407212,42.182258192136025],[-72.742487689964463,42.182467281780028],[-72.742650741521715,42.18267637142403],[-72.742823384347048,42.18285500879189],[-72.742996027172381,42.183033646159757],[-72.743168669997701,42.183212283527624],[-72.743341312823034,42.183390920895484],[-72.743566707622762,42.183566760810159],[-72.743792102422489,42.183742600724841],[-72.744017497222217,42.183918440639516],[-72.744211720400699,42.184079094379747],[-72.744405943579181,42.184239748119978],[-72.744530630064148,42.184417186579338],[-72.744655316549114,42.184594625038699],[-72.744690256168525,42.184853589276685],[-72.744725195787936,42.185112553514671],[-72.744760135407347,42.185371517752657],[-72.744795075026758,42.185630481990643],[-72.744830014646169,42.185889446228629],[-72.74486495426558,42.186148410466615],[-72.744899893884991,42.186407374704601],[-72.74494385386366,42.186674331665984],[-72.744987813842329,42.186941288627359],[-72.745031773821012,42.187208245588735],[-72.745075733799681,42.187475202550118],[-72.745119693778349,42.187742159511501],[-72.745163653757018,42.188009116472877],[-72.745181237748483,42.188247299630035],[-72.745198821739947,42.1884854827872],[-72.745216405731412,42.188723665944359],[-72.745203617373988,42.188925082573903],[-72.745190829016551,42.189126499203446],[-72.745178040659127,42.18932791583299],[-72.745136798206417,42.189563861027601],[-72.745095555753693,42.189799806222211],[-72.745054313300983,42.190035751416815],[-72.745013070848259,42.190271696611426],[-72.744971828395549,42.190507641806036],[-72.744920994674757,42.190769483424447],[-72.744870160953965,42.19103132504285],[-72.744819327233174,42.191293166661261],[-72.744768493512382,42.191555008279664],[-72.74471765979159,42.191816849898075],[-72.744712864157549,42.19203585051909],[-72.744708068523494,42.192254851140106],[-72.744703272889453,42.192473851761122],[-72.744717659791561,42.192678465480022],[-72.74473204669367,42.192883079198928],[-72.744746433595779,42.193087692917828],[-72.744786397212749,42.193348255700492],[-72.744826360829734,42.193608818483156],[-72.744866324446704,42.19386938126582],[-72.74490229170199,42.194119953144238],[-72.744938258957262,42.194370525022656],[-72.744974226212548,42.194621096901074],[-72.745010193467834,42.194871668779491],[-72.745005397833793,42.195052304328215],[-72.745000602199738,42.195232939876938],[-72.744995806565697,42.195413575425661],[-72.744945452408302,42.195626981140293],[-72.744895098250922,42.195840386854933],[-72.744800784114872,42.196093756186542],[-72.744706469978823,42.196347125518152],[-72.744612155842773,42.196600494849761],[-72.744517841706724,42.196853864181364],[-72.744423527570675,42.197107233512973],[-72.744329213434625,42.197360602844583],[-72.744127796805088,42.197574008559215],[-72.743926380175537,42.197787414273854],[-72.743724963545986,42.198000819988494],[-72.74352354691645,42.198214225703126],[-72.743325327376255,42.198420437966703],[-72.743127107836074,42.198626650230288],[-72.742928888295893,42.198832862493873],[-72.742730668755698,42.199039074757451],[-72.742532449215503,42.199245287021029],[-72.742334229675322,42.199451499284613],[-72.742109794002403,42.199612632588249],[-72.741885358329483,42.199773765891884],[-72.741660922656564,42.199934899195512],[-72.741436486983645,42.200096032499147],[-72.741212051310725,42.200257165802782],[-72.740946692894028,42.200423414449389],[-72.74068133447733,42.200589663095997],[-72.740415976060632,42.200755911742604],[-72.740176194358781,42.200928554567923],[-72.739936412656945,42.20110119739325],[-72.739725404759355,42.201235475146291],[-72.739603116091416,42.20138893543546],[-72.739526385946832,42.201573567345882],[-72.739521590312791,42.201729425452072],[-72.739516794678764,42.201885283558269],[-72.739478429606478,42.202115473992031],[-72.739392108193812,42.202278525549282],[-72.739224261002519,42.202427190204425],[-72.739056413811241,42.202573457042547],[-72.738888566619963,42.202719723880669],[-72.738776668492434,42.202927534688932],[-72.738664770364906,42.203135345497188],[-72.738552872237378,42.203343156305451],[-72.738466550824725,42.203570149649856],[-72.738380229412058,42.203797142994269],[-72.738293907999406,42.204024136338674],[-72.738320283986596,42.204287896210701],[-72.738346659973786,42.204551656082721],[-72.738584523422006,42.20474348144419],[-72.73882238687024,42.204935306805666],[-72.73906025031846,42.205127132167135],[-72.739298113766679,42.205318957528604],[-72.739535977214899,42.205510782890073],[-72.739773840663133,42.205702608251549],[-72.740011704111353,42.205894433613018],[-72.740249567559573,42.206086258974487],[-72.740487431007807,42.206278084335963],[-72.740725294456027,42.206469909697432],[-72.74091392272814,42.206591399093028],[-72.741102551000253,42.206712888488632],[-72.741291179272366,42.206834377884228],[-72.741387091953101,42.206987838173404],[-72.741364712327595,42.20721483151781],[-72.741342332702104,42.207441824862222],[-72.741319953076598,42.207668818206628],[-72.741256011289437,42.207883023193602],[-72.74119206950229,42.208097228180577],[-72.741128127715129,42.208311433167552],[-72.741053795387558,42.208476882541817],[-72.740979463059972,42.208642331916082],[-72.740835594038856,42.208767018401034],[-72.740691725017754,42.208891704885993],[-72.740497501839286,42.209006800102884],[-72.740303278660804,42.209121895319775],[-72.740049110056844,42.209222603634544],[-72.739794941452899,42.209323311949319],[-72.739535977214913,42.209383257374782],[-72.739277012976927,42.209443202800237],[-72.738996468385778,42.2094647831534],[-72.738715923794629,42.209486363506564],[-72.738500120262984,42.209459987519367],[-72.738284316731324,42.209433611532162],[-72.737986987421039,42.209457589702346],[-72.737785570791502,42.20957268491923],[-72.737660884306536,42.209774101548774],[-72.737560175991774,42.210004291982543],[-72.737459467676999,42.210234482416304],[-72.737358759362237,42.210464672850073],[-72.737141756922071,42.210679277473218],[-72.736924754481905,42.210893882096357],[-72.736707752041738,42.211108486719503],[-72.736490749601572,42.211323091342649],[-72.736289332972035,42.211522110155173],[-72.736087916342484,42.211721128967703],[-72.735843339006607,42.211881782707934],[-72.73559876167073,42.212042436448165],[-72.735313421445539,42.212199493462862],[-72.735028081220349,42.212356550477566],[-72.734742740995145,42.212513607492269],[-72.734457400769955,42.212670664506966]]}},
{"type":"Feature","properties":{"elevation_m":69.8,"elevation_ft":229.0,"distance_start_m":119456,"distance_end_m":119720,"lock_start":"HHC Lock 19","lock_end":"HHC Lock 20"},"geometry":{"type":"LineString","coordinates":[[-72.734457400769955,42.212670664506966],[-72.734211624525571,42.212868484410983],[-72.733965848281187,42.213066304314999],[-72.733720072036803,42.213264124219016],[-72.733474295792433,42.213461944123033],[-72.733228519548049,42.213659764027049],[-72.732982743303666,42.213857583931066],[-72.732736967059282,42.214055403835083],[-72.732491190814898,42.214253223739099],[-72.732301283707045,42.214424907437618]]}},
{"type":"Feature","properties":{"elevation_m":66.5,"elevation_ft":218.0,"distance_start_m":119720,"distance_end_m":119819,"lock_start":"HHC Lock 20","lock_end":"HHC Lock 21"},"geometry":{"type":"LineString","coordinates":[[-72.732301283707045,42.214424907437618],[-72.732111376599192,42.214596591136129],[-72.731921469491326,42.214768274834647],[-72.731731562383473,42.214939958533158],[-72.73154165527562,42.215111642231676]]}},
{"type":"Feature","properties":{"elevation_m":64.3,"elevation_ft":211.0,"distance_start_m":119819,"distance_end_m":119950,"lock_start":"HHC Lock 21","lock_end":"HHC Lock 22"},"geometry":{"type":"LineString","coordinates":[[-72.73154165527562,42.215111642231676],[-72.731338320392453,42.215292917198262],[-72.731134985509286,42.215474192164848],[-72.730931650626118,42.215655467131441],[-72.730728315742951,42.215836742098027],[-72.730524980859784,42.216018017064613]]}},
{"type":"Feature","properties":{"elevation_m":58.7,"elevation_ft":193.0,"distance_start_m":119950,"distance_end_m":123624,"lock_start":"HHC Lock 22","lock_end":"HHC Lock 23"},"geometry":{"type":"LineString","coordinates":[[-72.730524980859784,42.216018017064613],[-72.730326441610657,42.216213678933315],[-72.730127902361545,42.216409340802009],[-72.729929363112419,42.216605002670711],[-72.729730823863306,42.216800664539406],[-72.72953228461418,42.216996326408108],[-72.729404401039872,42.217170567778112],[-72.72927651746555,42.217344809148116],[-72.729148633891242,42.217519050518121],[-72.729287707278317,42.217682102075365],[-72.729378824324996,42.217912292509133],[-72.729527488980153,42.218144880759915],[-72.729676153635296,42.218377469010697],[-72.729618606026847,42.218600465993404],[-72.729561058418398,42.218823462976118],[-72.72942438284835,42.218957740729152],[-72.729287707278303,42.219092018482179],[-72.72906950592963,42.219250274405397],[-72.728851304580957,42.219408530328607],[-72.728633103232283,42.219566786251825],[-72.728414901883625,42.219725042175043],[-72.728196700534951,42.219883298098253],[-72.727978499186278,42.220041554021471],[-72.727743513118469,42.220142262336239],[-72.727599644097381,42.220295722625416],[-72.727542096488932,42.220482752352851],[-72.727438191084801,42.220668183535608],[-72.727334285680669,42.220853614718365],[-72.727230380276538,42.221039045901122],[-72.727067328719286,42.221261243611494],[-72.726904277162035,42.221483441321858],[-72.726741225604783,42.22170563903223],[-72.7265126337157,42.22190226002774],[-72.726284041826617,42.222098881023243],[-72.726055449937533,42.222295502018753],[-72.725834850771847,42.222502913190844],[-72.725614251606146,42.222710324362929],[-72.725393652440459,42.22291773553502],[-72.725173053274773,42.223125146707105],[-72.724952454109072,42.223332557879196],[-72.724731854943386,42.223539969051288],[-72.724511255777685,42.223747380223372],[-72.724290656611998,42.223954791395464],[-72.724068174675793,42.224146702800532],[-72.723845692739587,42.2243386142056],[-72.723623210803382,42.224530525610668],[-72.723400728867176,42.224722437015735],[-72.723178246930971,42.224914348420803],[-72.722955764994765,42.225106259825871],[-72.722733283058574,42.225298171230932],[-72.722510801122368,42.225490082636],[-72.722288319186163,42.225681994041068],[-72.722065837249957,42.225873905446136],[-72.721843355313752,42.226065816851204],[-72.721620873377546,42.226257728256272],[-72.72139839144134,42.22644963966134],[-72.721256154154688,42.226697499369926],[-72.721113916868021,42.226945359078506],[-72.720971679581368,42.227193218787093],[-72.720829442294701,42.22744107849568],[-72.720687205008048,42.227688938204267],[-72.720544967721381,42.227936797912847],[-72.720402730434728,42.228184657621433],[-72.720260493148061,42.22843251733002],[-72.720118255861408,42.228680377038607],[-72.719976018574741,42.228928236747187],[-72.719833781288088,42.229176096455774],[-72.719691544001421,42.229423956164361],[-72.719549306714768,42.229671815872948],[-72.719407069428101,42.229919675581527],[-72.719264832141448,42.230167535290114],[-72.71915293401392,42.230348970111173],[-72.719041035886377,42.230530404932225],[-72.718929137758849,42.230711839753283],[-72.718750500390982,42.230930440738128],[-72.718571863023115,42.231149041722965],[-72.718393225655262,42.231367642707809],[-72.718214588287395,42.231586243692654],[-72.718035950919528,42.231804844677491],[-72.717857313551661,42.232023445662335],[-72.717619244576255,42.232195060851794],[-72.717381175600863,42.232366676041252],[-72.717143106625457,42.232538291230711],[-72.716905037650065,42.232709906420169],[-72.716666968674659,42.232881521609627],[-72.716428899699267,42.233053136799086],[-72.71619083072386,42.233224751988544],[-72.715951648476278,42.233391400271323],[-72.715712466228695,42.233558048554102],[-72.715473283981112,42.23372469683688],[-72.715234101733529,42.233891345119659],[-72.714969142953009,42.234068783579019],[-72.714704184172476,42.234246222038379],[-72.714537935525868,42.234380499791406],[-72.714371686879261,42.23451477754444],[-72.714205438232653,42.234649055297467],[-72.714037591041347,42.234802515586644],[-72.713905711105355,42.234970362777929],[-72.713769035535293,42.235147801237289],[-72.713665929403504,42.235291670258405],[-72.713562823271701,42.235435539279514],[-72.713468109499473,42.235598590836759],[-72.713373395727245,42.23576164239401],[-72.713317047027317,42.235947473212931],[-72.713260698327375,42.23613330403186],[-72.713212741987007,42.236271178510421],[-72.713164785646654,42.236409052988975],[-72.712987347187294,42.23659608271641],[-72.712800317459866,42.236749543005587],[-72.712546148855907,42.236869433856505],[-72.712251217362649,42.236974138532972],[-72.711956285869391,42.237078843209446],[-72.711661354376133,42.237183547885913],[-72.711347240346726,42.237285854745366],[-72.711033126317318,42.237388161604812],[-72.71071901228791,42.237490468464266],[-72.710448058964815,42.237638533665155],[-72.710177105641719,42.237786598866037],[-72.709906152318609,42.237934664066927],[-72.709635198995514,42.238082729267816],[-72.709475744163797,42.238268560086738],[-72.709316289332065,42.238454390905659],[-72.709156834500348,42.238640221724587],[-72.708997379668631,42.238826052543509],[-72.708889477902801,42.239043054983675],[-72.708781576136971,42.239260057423834],[-72.708673674371141,42.239477059864001],[-72.708565772605311,42.239694062304167],[-72.708473856286275,42.23991226365284],[-72.708381939967254,42.240130465001513],[-72.708290023648217,42.240348666350187],[-72.708220486954687,42.240515314632958],[-72.708150950261157,42.240681962915737],[-72.708112585188857,42.240862998100624],[-72.708074220116558,42.241044033285512],[-72.708083811384611,42.24125264336611],[-72.708093402652665,42.241461253446715],[-72.708107789554788,42.241662670076259],[-72.708122176456897,42.241864086705803],[-72.708318797452392,42.242049517888553],[-72.708515418447888,42.24223494907131],[-72.708712039443384,42.24242038025406],[-72.708926883848235,42.242600696093845]]}},
{"type":"Feature","properties":{"elevation_m":54.2,"elevation_ft":178.0,"distance_start_m":123624,"distance_end_m":124788,"lock_start":"HHC Lock 23","lock_end":"HHC Lock 24"},"geometry":{"type":"LineString","coordinates":[[-72.708926883848235,42.242600696093845],[-72.709141728253087,42.242781011933623],[-72.709356572657924,42.242961327773408],[-72.709571417062776,42.243141643613185],[-72.709786261467627,42.24332195945297],[-72.709930130488729,42.243508989180405],[-72.710073999509831,42.243696018907841],[-72.710217868530933,42.243883048635269],[-72.710361737552034,42.244070078362704],[-72.71054397164545,42.244187571396601],[-72.710726205738851,42.244305064430499],[-72.710965987440687,42.244362612038941],[-72.711205769142524,42.244420159647383],[-72.71144555084436,42.244477707255825],[-72.711790836495013,42.244496889791968],[-72.71201623129474,42.244588006838669],[-72.712241626094468,42.244679123885362],[-72.712481407796304,42.244875744880872],[-72.71272118949814,42.245072365876375],[-72.712850671617133,42.245197052361334],[-72.712980153736126,42.245321738846286],[-72.71307606641686,42.245494381671605],[-72.713171979097595,42.245667024496932],[-72.713195957267772,42.245892419296666],[-72.713219935437962,42.246117814096394],[-72.713224731072003,42.246362391432271],[-72.713229526706044,42.246606968768141],[-72.713191161633745,42.246784407227501],[-72.713152796561445,42.246961845686862],[-72.713037701344561,42.247124897244113],[-72.712922606127691,42.247287948801365],[-72.712807510910807,42.247451000358616],[-72.712647656442911,42.247690782060452],[-72.712487801975016,42.247930563762296],[-72.71232794750712,42.248170345464132],[-72.712164895949869,42.24840245415151],[-72.712001844392617,42.248634562838888],[-72.71183879283538,42.248866671526272],[-72.711675741278128,42.24909878021365],[-72.711512689720877,42.249330888901028],[-72.711370019608268,42.249546692432688],[-72.711227349495658,42.249762495964355],[-72.711088276108597,42.250011868934266],[-72.711067894663927,42.250153340138347],[-72.71104751321927,42.250294811342428],[-72.711023535049094,42.250493830154959],[-72.711115851004308,42.250709633686611],[-72.711208166959509,42.250925437218257],[-72.711300482914709,42.251141240749909]]}},
{"type":"Feature","properties":{"elevation_m":51.9,"elevation_ft":170.0,"distance_start_m":124788,"distance_end_m":126645,"lock_start":"HHC Lock 24","lock_end":"HHC Lock 25"},"geometry":{"type":"LineString","coordinates":[[-72.711300482914709,42.251141240749909],[-72.711392798869923,42.251357044281562],[-72.711421572674141,42.251616008519548],[-72.711450346478372,42.251874972757534],[-72.71147912028259,42.25213393699552],[-72.711471926831535,42.252294590735758],[-72.711464733380481,42.252455244475989],[-72.711347240346583,42.252611102582179],[-72.711229747312686,42.252766960688376],[-72.711066695755434,42.25290123844141],[-72.71086288130887,42.252977968585995],[-72.710659066862306,42.253054698730587],[-72.710491219671013,42.253109848522008],[-72.710323372479735,42.25316499831343],[-72.710102773314048,42.253203363385722],[-72.709882174148348,42.253241728458022],[-72.709642392446511,42.253260910994172],[-72.709402610744675,42.253280093530314],[-72.709119668336513,42.253265706628198],[-72.708836725928336,42.25325131972609],[-72.708618524579663,42.253229739372927],[-72.70840032323099,42.253208159019763],[-72.70814615462703,42.253179385215532],[-72.707838035140171,42.253304071700491],[-72.707529915653311,42.25342875818545],[-72.707221796166451,42.253553444670402],[-72.706913676679591,42.253678131155361],[-72.706651515352249,42.253804416184991],[-72.706389354024921,42.253930701214628],[-72.706127192697579,42.254056986244258],[-72.705962222886711,42.254269912395493],[-72.705797253075843,42.254482838546721],[-72.70563228326499,42.254695764697956],[-72.705467313454122,42.254908690849184],[-72.705302343643254,42.25512161700042],[-72.70509852919669,42.255339818349093],[-72.704894714750125,42.255558019697766],[-72.704690900303561,42.255776221046439],[-72.704487085856996,42.255994422395112],[-72.704338421201854,42.256194240479978],[-72.704189756546711,42.256394058564844],[-72.704041091891568,42.256593876649703],[-72.703892427236426,42.256793694734569],[-72.703743762581283,42.256993512819434],[-72.70359509792614,42.2571933309043],[-72.703408068198712,42.257421123521048],[-72.70322103847127,42.257648916137796],[-72.703034008743828,42.257876708754544],[-72.7028469790164,42.258104501371292],[-72.702759858331405,42.258314709996569],[-72.702672737646395,42.258524918621845],[-72.7025856169614,42.258735127247121],[-72.702404341994807,42.25895284903239],[-72.702223067028214,42.259170570817659],[-72.702041792061635,42.259388292602928],[-72.701860517095042,42.259606014388197],[-72.701679242128449,42.259823736173466],[-72.70150659930313,42.26002515280301],[-72.701333956477811,42.260226569432561],[-72.701161313652477,42.260427986062105],[-72.700988670827158,42.260629402691649],[-72.700775744675937,42.260824105433535],[-72.700562818524702,42.261018808175429],[-72.700349892373481,42.261213510917315],[-72.700136966222246,42.261408213659209],[-72.699924040071025,42.261602916401095],[-72.699825729573263,42.261827112292316],[-72.699727419075515,42.262051308183537],[-72.699672269284093,42.262315068055557],[-72.699617119492672,42.262578827927584],[-72.6995427871651,42.262821007446441],[-72.699470852654542,42.262883350688917],[-72.699394122509958,42.26292651139525],[-72.699286220744128,42.263020026258964],[-72.699071616120975,42.263183077816208],[-72.698857011497822,42.26334612937346]]}},
{"type":"Feature","properties":{"elevation_m":52.1,"elevation_ft":171.0,"distance_start_m":126645,"distance_end_m":126742,"lock_start":"HHC Lock 25","lock_end":"HHC Lock 26"},"geometry":{"type":"LineString","coordinates":[[-72.698857011497822,42.26334612937346],[-72.698789872621305,42.263559535088099],[-72.698722733744788,42.263772940802738],[-72.698655594868271,42.26398634651737],[-72.698588455991754,42.26419975223201]]}},
{"type":"Feature","properties":{"elevation_m":49.6,"elevation_ft":163.0,"distance_start_m":126742,"distance_end_m":126914,"lock_start":"HHC Lock 26","lock_end":"HHC Lock 27"},"geometry":{"type":"LineString","coordinates":[[-72.698588455991754,42.26419975223201],[-72.698575667634316,42.264404365950909],[-72.698562879276892,42.264608979669816],[-72.698550090919454,42.264813593388716],[-72.698458014745952,42.265036110808026],[-72.698365938572451,42.265258628227329],[-72.698273862398935,42.265481145646639],[-72.698181786225433,42.265703663065942]]}},
{"type":"Feature","properties":{"elevation_m":44.1,"elevation_ft":145.0,"distance_start_m":126914,"distance_end_m":138721,"lock_start":"HHC Lock 27","lock_end":"HHC Lock 28"},"geometry":{"type":"LineString","coordinates":[[-72.698181786225433,42.265703663065942],[-72.698089710051931,42.265926180485252],[-72.698202007815624,42.266171557093429],[-72.698314305579316,42.266416933701599],[-72.698426603343009,42.266662310309776],[-72.69844858333235,42.266902891283991],[-72.698470563321678,42.267143472258212],[-72.698492543311019,42.267384053232426],[-72.698381044819669,42.267635824019315],[-72.698269546328305,42.267887594806211],[-72.698158047836955,42.2681393655931],[-72.697951535846244,42.268286231885504],[-72.697745023855532,42.268433098177908],[-72.697538511864835,42.26857996447032],[-72.697331999874123,42.268726830762724],[-72.697004526578468,42.268802190726163],[-72.696677053282812,42.268877550689595],[-72.696349579987157,42.268952910653034],[-72.696022106691515,42.269028270616467],[-72.69569463339586,42.269103630579906],[-72.695367160100204,42.269178990543338],[-72.695039686804549,42.269254350506777],[-72.694691523773486,42.269310938988411],[-72.694343360742408,42.269367527470045],[-72.693995197711345,42.269424115951679],[-72.693647034680268,42.269480704433313],[-72.693298871649205,42.269537292914947],[-72.692950708618142,42.269593881396574],[-72.692602545587064,42.269650469878208],[-72.692254382556001,42.269707058359842],[-72.691906219524924,42.269763646841476],[-72.691558056493861,42.26982023532311],[-72.691268400198041,42.269749259939367],[-72.690978743902221,42.269678284555624],[-72.690689087606415,42.269607309171874],[-72.690399431310595,42.269536333788132],[-72.690109775014776,42.269465358404389],[-72.689847613687434,42.269395022438516],[-72.689585452360078,42.269324686472643],[-72.689323291032736,42.26925435050677],[-72.68906432679475,42.269206394166403],[-72.688805362556764,42.269158437826036],[-72.688476062352905,42.26915524073668],[-72.688146762149046,42.269152043647317],[-72.687817461945187,42.269148846557961],[-72.687532121719997,42.269180018179199],[-72.687246781494821,42.269211189800444],[-72.686961441269631,42.269242361421682],[-72.686676101044441,42.26927353304292],[-72.686378771734169,42.269331080651362],[-72.686081442423898,42.269388628259797],[-72.685784113113613,42.269446175868239],[-72.685486783803341,42.269503723476674],[-72.68518945449307,42.269561271085117],[-72.684896121544483,42.269687556114754],[-72.68460278859591,42.269813841144384],[-72.684309455647323,42.269940126174021],[-72.684016122698736,42.270066411203658],[-72.683722789750163,42.270192696233288],[-72.683429456801576,42.270318981262925],[-72.683202463457164,42.27038771868412],[-72.682975470112765,42.270456456105315],[-72.682748476768353,42.27052519352651],[-72.682446351824041,42.270570752049863],[-72.682144226879714,42.27061631057321],[-72.681878868463016,42.270622704751922],[-72.681613510046319,42.270629098930641],[-72.681348151629621,42.270635493109353],[-72.681103574293743,42.270633894564675],[-72.680858996957866,42.270632296019997],[-72.680614419621989,42.270630697475319],[-72.680434583345601,42.270688245083761],[-72.680254747069199,42.27074579269221],[-72.680005374099323,42.270932822419631],[-72.679856709444181,42.271172604121475],[-72.679753603312392,42.271386009836107],[-72.679650497180603,42.271599415550746],[-72.679547391048814,42.271812821265385],[-72.679444284917025,42.272026226980017],[-72.679341178785236,42.272239632694649],[-72.679238072653447,42.272453038409289],[-72.679134966521659,42.272604100881452],[-72.67903186038987,42.272755163353608],[-72.678744122347666,42.272903828008751],[-72.678513931913898,42.272944590898064],[-72.678283741480129,42.272985353787369],[-72.678041561961265,42.272918214910845],[-72.677799382442402,42.272851076034321],[-72.67752842911932,42.272764754621662],[-72.677257475796239,42.272678433209002],[-72.677056059166716,42.272536962004921],[-72.67685464253718,42.272395490800832],[-72.676581291397071,42.272371512630649],[-72.676307940256976,42.272347534460465],[-72.676125706163589,42.272388297349778],[-72.675943472070188,42.272429060239091],[-72.675743653985322,42.272606498698451],[-72.67554383590047,42.272783937157818],[-72.675344017815604,42.272961375617179],[-72.675116225198863,42.273154399887147],[-72.674888432582122,42.273347424157123],[-72.674660639965367,42.273540448427092],[-72.674432847348626,42.27373347269706],[-72.674266598702019,42.273886932986237],[-72.674100350055411,42.274040393275413],[-72.673934101408804,42.27419385356459],[-72.673630777555985,42.274311346598495],[-72.673327453703152,42.274428839632392],[-72.673024129850319,42.27454633266629],[-72.6727208059975,42.274663825700195],[-72.672417482144681,42.2747813187341],[-72.672114158291848,42.274898811767997],[-72.671810834439015,42.275016304801895],[-72.671507510586196,42.275133797835799],[-72.671167020569584,42.275210527980391],[-72.670826530552986,42.275287258124976],[-72.670500427438483,42.275271272678189],[-72.670174324323995,42.275255287231396],[-72.669848221209492,42.275239301784609],[-72.669570074435356,42.275328021014289],[-72.66929192766122,42.275416740243969],[-72.669013780887084,42.275505459473649],[-72.668735634112949,42.275594178703329],[-72.66848338376262,42.275761066767807],[-72.668231133412291,42.275927954832291],[-72.667978883061949,42.276094842896768],[-72.66772663271162,42.276261730961252],[-72.667474382361291,42.276428619025729],[-72.667320922072122,42.276649218191423],[-72.667167461782938,42.27686981735711],[-72.66698043205551,42.277097609973865],[-72.666793402328068,42.277325402590613],[-72.666555219170903,42.277443694896853],[-72.666317036013751,42.277561987203093],[-72.666078852856586,42.277680279509333],[-72.665853458056858,42.277852922334652],[-72.665795910448423,42.278078317134387],[-72.665738362839974,42.278303711934115],[-72.665707191218729,42.278481150393475],[-72.665676019597498,42.278658588852835],[-72.665611278537995,42.278862403299399],[-72.665546537478505,42.279066217745957],[-72.665325938312819,42.279262838741467],[-72.665062178440792,42.279334773252017],[-72.664798418568779,42.279406707762568],[-72.664534658696752,42.279478642273119],[-72.664240526475822,42.279540985515595],[-72.663946394254907,42.279603328758078],[-72.663652262033978,42.279665672000554],[-72.663326158919475,42.27974719777918],[-72.663178293536674,42.279918242059829],[-72.663030428153874,42.28008928634047],[-72.662882562771074,42.280260330621118],[-72.66266496087664,42.280428177812411],[-72.662447358982206,42.280596025003703],[-72.662229757087786,42.280763872195003],[-72.662012155193352,42.280931719386295],[-72.661791795809364,42.281112994352881],[-72.66157143642539,42.281294269319467],[-72.661351077041402,42.281475544286053],[-72.661130717657414,42.281656819252639],[-72.660910358273441,42.281838094219225],[-72.660689998889453,42.282019369185818],[-72.660469639505465,42.282200644152404],[-72.660249280121477,42.28238191911899],[-72.660028920737503,42.282563194085576],[-72.659808561353515,42.282744469052162],[-72.659632321802661,42.282950681315739],[-72.659456082251808,42.283156893579324],[-72.659279842700954,42.283363105842909],[-72.659103603150101,42.283569318106487],[-72.658951341769438,42.283811497625344],[-72.658799080388775,42.2840536771442],[-72.658646819008098,42.284295856663064],[-72.658494557627435,42.284538036181921],[-72.658410634031796,42.284724266637021],[-72.658326710436157,42.284910497092113],[-72.658242786840518,42.285096727547213],[-72.658202503514616,42.285347539207336],[-72.6581622201887,42.285598350867453],[-72.658121936862784,42.285849162527576],[-72.658081653536883,42.286099974187692],[-72.658041370210981,42.286350785847816],[-72.658001086885065,42.286601597507939],[-72.657960803559149,42.286852409168056],[-72.657920520233247,42.287103220828179],[-72.657880236907346,42.287354032488295],[-72.65783995358143,42.287604844148419],[-72.657811179777212,42.287844625850255],[-72.657782405972995,42.288084407552091],[-72.657753632168763,42.288324189253935],[-72.657724858364546,42.288563970955771],[-72.657746438717709,42.288810946108669],[-72.657768019070872,42.289057921261559],[-72.657789599424035,42.28930489641445],[-72.657811179777198,42.289551871567348],[-72.657823168862308,42.289699337313984],[-72.657835157947403,42.28984680306062],[-72.657810580322959,42.2900727973146],[-72.657786002698515,42.290298791568588],[-72.657761425074071,42.290524785822569],[-72.657736847449627,42.29075078007655],[-72.657794395058062,42.290956992340128],[-72.657851942666511,42.291163204603713],[-72.65788551210477,42.291316664892889],[-72.65782796449632,42.291503694620324],[-72.657736847449627,42.291755465407256],[-72.657645730402919,42.292007236194188],[-72.65752344173498,42.292211050640752],[-72.657401153067056,42.292414865087316],[-72.657278864399132,42.292618679533881],[-72.657156575731193,42.292822493980445],[-72.657040521387501,42.293070907823548],[-72.656924467043808,42.293319321666651],[-72.65680841270013,42.293567735509761],[-72.656692358356437,42.293816149352864],[-72.656576304012745,42.294064563195967],[-72.656505968046872,42.294264381280833],[-72.656435632080999,42.294464199365699],[-72.656365296115126,42.294664017450565],[-72.656355704847059,42.294871828258827],[-72.656346113578977,42.295079639067083],[-72.656336522310909,42.295287449875346],[-72.656310057515668,42.29554819027409],[-72.656283592720428,42.295808930672827],[-72.656257127925187,42.296069671071571],[-72.656230663129946,42.296330411470308],[-72.656204198334706,42.296591151869052],[-72.656177733539465,42.296851892267789],[-72.656151268744225,42.297112632666533],[-72.656124803948984,42.29737337306527],[-72.656098339153743,42.297634113464014],[-72.656071874358503,42.297894853862751],[-72.656045409563262,42.298155594261495],[-72.656018944768022,42.298416334660232],[-72.655992479972781,42.298677075058976],[-72.655966015177526,42.298937815457712],[-72.655939550382286,42.299198555856456],[-72.655913085587045,42.299459296255193],[-72.655886620791804,42.299720036653937],[-72.655860155996564,42.299980777052674],[-72.655833691201323,42.300241517451418],[-72.655807226406083,42.300502257850155],[-72.655780761610842,42.300762998248899],[-72.655754296815601,42.301023738647636],[-72.655727832020361,42.30128447904638],[-72.65570136722512,42.301545219445117],[-72.65567490242988,42.301805959843861],[-72.655648437634639,42.302066700242598],[-72.655621972839398,42.302327440641342],[-72.655602790303249,42.302586404879328],[-72.655583607767085,42.302845369117314],[-72.655564425230935,42.3031043333553],[-72.655545242694785,42.303363297593286],[-72.655439738745969,42.303610272746177],[-72.655334234797166,42.303857247899074],[-72.655228730848364,42.304104223051965],[-72.655123226899548,42.304351198204856],[-72.655003336048622,42.304520244304655],[-72.654883445197711,42.304689290404461],[-72.654651969616467,42.304885381242528],[-72.654420494035222,42.305081472080595],[-72.654189018453977,42.305277562918661],[-72.653957542872718,42.305473653756735],[-72.653726067291473,42.305669744594802],[-72.653494591710228,42.305865835432868],[-72.653263116128983,42.306061926270935],[-72.653031640547738,42.306258017109002],[-72.652685194317016,42.306247329345886],[-72.652338748086279,42.306236641582778],[-72.651992301855557,42.306225953819663],[-72.651645855624835,42.306215266056554],[-72.651299409394099,42.306204578293439],[-72.650952963163377,42.306193890530331],[-72.650606516932655,42.306183202767215],[-72.650260070701918,42.306172515004107],[-72.649913624471196,42.306161827240992],[-72.649567178240474,42.306151139477876],[-72.649220732009738,42.306140451714768],[-72.648874285779016,42.306129763951652],[-72.648527839548294,42.306119076188544],[-72.648181393317557,42.306108388425429],[-72.647834947086835,42.30609770066232],[-72.647488500856113,42.306087012899205],[-72.647142054625377,42.306076325136097],[-72.646795608394655,42.306065637372981],[-72.646487189180661,42.306198416490375],[-72.646178769966667,42.306331195607768],[-72.645870350752688,42.306463974725162],[-72.645561931538694,42.306596753842555],[-72.6452535123247,42.306729532959949],[-72.644945093110721,42.306862312077342],[-72.644636673896727,42.306995091194736],[-72.644328254682733,42.307127870312129],[-72.64401983546874,42.307260649429516],[-72.643711416254746,42.307393428546909],[-72.643402997040766,42.307526207664303],[-72.643094577826773,42.307658986781696],[-72.642786158612779,42.30779176589909],[-72.642477739398799,42.307924545016483],[-72.642169320184806,42.308057324133877],[-72.641860900970812,42.30819010325127],[-72.641695451596547,42.308302800651134],[-72.641530002222268,42.308415498050998],[-72.641400520103275,42.308535388901916],[-72.641271037984296,42.308655279752834],[-72.641151147133371,42.308856696382378],[-72.64103125628246,42.309058113011922],[-72.640815452750786,42.309154025692656],[-72.64062602520633,42.309199584216003],[-72.640436597661875,42.309245142739357],[-72.640115290181427,42.30928590562867],[-72.639793982700965,42.309326668517976],[-72.639554200999115,42.309365033590275],[-72.639352784369592,42.309470537539084],[-72.639213710982517,42.309566450219819],[-72.639074637595456,42.309662362900553],[-72.638930768574326,42.309803834104642],[-72.638729351944804,42.309921327138539],[-72.638542322217376,42.310026831087342],[-72.638355292489933,42.310132335036151],[-72.638312131783593,42.310289392050862],[-72.638268971077252,42.310446449065566],[-72.638156273677396,42.310591516995174],[-72.638043576277525,42.31073658492479],[-72.637830889908003,42.310953107801545],[-72.637618203538466,42.311169630678307],[-72.637405517168929,42.311386153555063],[-72.637192830799407,42.311602676431825],[-72.636980144429884,42.31181919930858],[-72.636767458060348,42.312035722185335],[-72.636554771690811,42.312252245062098],[-72.636342085321289,42.312468767938853],[-72.636129398951766,42.312685290815615],[-72.63591671258223,42.31290181369237],[-72.635634969082574,42.313040087807089],[-72.635353225582932,42.313178361921807],[-72.635071482083276,42.313316636036525],[-72.63494319887279,42.313532919131589],[-72.634814915662304,42.313749202226653],[-72.634686632451803,42.313965485321717],[-72.634558349241317,42.31418176841678],[-72.634430066030831,42.314398051511844],[-72.634488812547787,42.314657358295115],[-72.634547559064728,42.314916665078385],[-72.634606305581684,42.315175971861656],[-72.63466505209864,42.315435278644927],[-72.634723798615596,42.315694585428197],[-72.634782545132538,42.315953892211468],[-72.634841291649494,42.316213198994738],[-72.63485807636863,42.316472163232717],[-72.634874861087752,42.316731127470703],[-72.634889247989861,42.316919755742816],[-72.63490363489197,42.317108384014922],[-72.634918021794078,42.317297012287035],[-72.634836496015453,42.317551180890987],[-72.634754970236827,42.317805349494932],[-72.634673444458215,42.318059518098877],[-72.63459191867959,42.31831368670283],[-72.634526458274976,42.318527092417469],[-72.634460997870363,42.318740498132108],[-72.634395537465764,42.318953903846747],[-72.634330077061151,42.319167309561387],[-72.634264616656537,42.319380715276026],[-72.634296687459155,42.319640278968265],[-72.634328758261788,42.319899842660512],[-72.634360829064406,42.320159406352751],[-72.634392899867038,42.320418970044997],[-72.634424970669656,42.320678533737237],[-72.634457041472274,42.320938097429476],[-72.634489112274906,42.321197661121722],[-72.634521183077524,42.321457224813962],[-72.634563404954662,42.321719612070162],[-72.634605626831799,42.321981999326368],[-72.634647848708951,42.322244386582568],[-72.634690070586089,42.322506773838775],[-72.634732292463227,42.322769161094975],[-72.634774514340364,42.323031548351182],[-72.634816736217502,42.323293935607381],[-72.634858958094654,42.323556322863581],[-72.634901179971791,42.323818710119788],[-72.634943401848929,42.324081097375988],[-72.634985623726067,42.324343484632195],[-72.635027845603219,42.324605871888394],[-72.635070067480356,42.324868259144594],[-72.635112289357494,42.325130646400801],[-72.635154511234632,42.325393033657001],[-72.635196733111769,42.325655420913208],[-72.635238954988921,42.325917808169407],[-72.635281176866059,42.326180195425614],[-72.635323398743196,42.326442582681814],[-72.635365853519943,42.326696708959098],[-72.635408308296704,42.326950835236389],[-72.63545076307345,42.327204961513672],[-72.635493217850197,42.327459087790963],[-72.635535672626943,42.327713214068247],[-72.635578127403704,42.327967340345538],[-72.635620582180451,42.328221466622821],[-72.6358627616993,42.328385850300634],[-72.636104941218164,42.328550233978447],[-72.636347120737014,42.32871461765626],[-72.636589300255878,42.328879001334073],[-72.636831479774727,42.329043385011886],[-72.637073659293591,42.329207768689699],[-72.637315838812441,42.329372152367512],[-72.637558018331305,42.329536536045325],[-72.637800197850154,42.329700919723138],[-72.63798243194357,42.32991432543777],[-72.638164666036985,42.330127731152409],[-72.638324120868702,42.330365115037225],[-72.63848357570042,42.330602498922048],[-72.638569897113072,42.330840482261131],[-72.638656218525739,42.331078465600214],[-72.638742539938391,42.331316448939297],[-72.638828861351044,42.331554432278381],[-72.638903992950958,42.331783823439807],[-72.638979124550858,42.332013214601233],[-72.639054256150771,42.332242605762659],[-72.639080632138004,42.332456011477284],[-72.639107008125237,42.332669417191909],[-72.639107008125222,42.332888817449088],[-72.639107008125222,42.333108217706275],[-72.63909781649329,42.333288853254999],[-72.639088624861373,42.333469488803722],[-72.63907943322944,42.333650124352445],[-72.639059651239052,42.33379639119056],[-72.639039869248677,42.333942658028676],[-72.639020686712527,42.334067344513635],[-72.638977526006201,42.334177644096478],[-72.638900795861616,42.334303529489944],[-72.638824065717031,42.334429414883409],[-72.638737744304365,42.334566090453457],[-72.638670605427862,42.334724346376674],[-72.638588779922088,42.334961130807244],[-72.638506954416329,42.335197915237814],[-72.638425128910555,42.33543469966839],[-72.638343303404781,42.33567148409896],[-72.638200273619631,42.335917979688446],[-72.638057243834496,42.336164475277926],[-72.637914214049346,42.336410970867412],[-72.63777118426421,42.336657466456899],[-72.63762815447906,42.336903962046378],[-72.63748512469391,42.337150457635865],[-72.637342094908774,42.337396953225351],[-72.637199065123625,42.337643448814838],[-72.637056035338489,42.337889944404317],[-72.636913005553339,42.338136439993804],[-72.636822687778974,42.338349845708443],[-72.636732370004623,42.338563251423075],[-72.636642052230258,42.338776657137714],[-72.636553673420465,42.339001891246973]]}},
{"type":"Feature","properties":{"elevation_m":48.9,"elevation_ft":160.0,"distance_start_m":138721,"distance_end_m":138825,"lock_start":"HHC Lock 28","lock_end":"HHC Lock 29"},"geometry":{"type":"LineString","coordinates":[[-72.636553673420465,42.339001891246973],[-72.636465294610673,42.339227125356231],[-72.636376915800881,42.339452359465497],[-72.636288536991088,42.339677593574756],[-72.636200158181296,42.339902827684014]]}},
{"type":"Feature","properties":{"elevation_m":39.7,"elevation_ft":130.0,"distance_start_m":138825,"distance_end_m":138934,"lock_start":"HHC Lock 29","lock_end":"HHC Lock 30"},"geometry":{"type":"LineString","coordinates":[[-72.636200158181296,42.339902827684014],[-72.636111779371504,42.340128061793273],[-72.636016600940948,42.340365586726151],[-72.635921422510393,42.340603111659036],[-72.635826244079851,42.340840636591913]]}},
{"type":"Feature","properties":{"elevation_m":38.6,"elevation_ft":127.0,"distance_start_m":138934,"distance_end_m":139071,"lock_start":"HHC Lock 30","lock_end":"HHC Lock 31"},"geometry":{"type":"LineString","coordinates":[[-72.635826244079851,42.340840636591913],[-72.635731065649296,42.341078161524791],[-72.63563588721874,42.341315686457676],[-72.635540708788199,42.341553211390554],[-72.635445530357643,42.341790736323432],[-72.635350351927087,42.342028261256317]]}},
{"type":"Feature","properties":{"elevation_m":33.4,"elevation_ft":109.0,"distance_start_m":139071,"distance_end_m":139181,"lock_start":"HHC Lock 31","lock_end":"HHC Lock 32"},"geometry":{"type":"LineString","coordinates":[[-72.635350351927087,42.342028261256317],[-72.635255173496532,42.342265786189195],[-72.635159995065976,42.342503311122073],[-72.635064816635435,42.342740836054958],[-72.634969638204879,42.342978360987836]]}},
{"type":"Feature","properties":{"elevation_m":31.3,"elevation_ft":103.0,"distance_start_m":139181,"distance_end_m":139250,"lock_start":"HHC Lock 32","lock_end":null},"geometry":{"type":"LineString","coordinates":[[-72.634969638204879,42.342978360987836],[-72.634895516949229,42.3431771407189],[-72.634821395693578,42.343375920449958],[-72.634747274437927,42.343574700181023]]}}
]
}
