{
"type": "FeatureCollection",
"name": "NHandNCanalLines_20251031",
"crs": { "type": "name", "properties": { "name": "urn:ogc:def:crs:OGC:1.3:CRS84" } },
"features": [
{ "type": "Feature", "properties": { "id": "Unionville Feeder" }, "geometry": { "type": "MultiLineString", "coordinates": [ [ [ -72.867958855610979, 41.746720027351472 ], [ -72.867286710588147, 41.746416804032897 ], [ -72.866730801170775, 41.746123688158278 ], [ -72.866008118928178, 41.745800249951813 ], [ -72.864737107851226, 41.745337834391009 ], [ -72.863961361527885, 41.745292350893223 ], [ -72.863251313590226, 41.745345414973976 ], [ -72.862179924531276, 41.745406059637695 ], [ -72.861212136772778, 41.745403532776606 ], [ -72.860570314081798, 41.745380791027713 ], [ -72.860006824081466, 41.745287297171153 ], [ -72.859051670627963, 41.745042191655308 ], [ -72.858642319147975, 41.745052299099363 ], [ -72.853639134391543, 41.745133158650987 ], [ -72.84765552757176, 41.745133158650987 ], [ -72.84517667694243, 41.745178642148737 ], [ -72.843885450977567, 41.744920902327976 ], [ -72.842990942187754, 41.744597464121497 ], [ -72.842652342815342, 41.744476174794066 ], [ -72.842318797164921, 41.744370046632568 ], [ -72.842030735012273, 41.74422854241724 ], [ -72.84173761913766, 41.744081984479919 ], [ -72.8416213835322, 41.744006178650288 ], [ -72.841459664428967, 41.743894996766812 ], [ -72.841297945325735, 41.743773707439381 ], [ -72.84116459996423, 41.743622217081871 ], [ -72.84092556718646, 41.743281506182221 ], [ -72.840818537584482, 41.743117394125846 ], [ -72.840647290221298, 41.742906902575278 ], [ -72.840522422352322, 41.742810575933497 ], [ -72.840361877949348, 41.742710681638314 ], [ -72.840194198239573, 41.742628625610124 ], [ -72.839997977302602, 41.742553704888721 ], [ -72.839791053405435, 41.742493054780937 ], [ -72.839509208786879, 41.742418134059548 ], [ -72.83923806712852, 41.742361051605151 ], [ -72.83895265485657, 41.74230040149736 ], [ -72.838652971971001, 41.742250454349772 ], [ -72.838410371539837, 41.742236183736175 ], [ -72.838153500495082, 41.742246886696371 ], [ -72.838082586835469, 41.742257644420391 ], [ -72.837910900063918, 41.742282563230368 ], [ -72.837686137899752, 41.742336078031357 ], [ -72.837454240428798, 41.742410998752746 ], [ -72.837193801730635, 41.742528731314934 ], [ -72.836976174873271, 41.742678572757718 ], [ -72.836837036390691, 41.742807008280096 ], [ -72.836705033214912, 41.742985390950068 ], [ -72.836598003612934, 41.743153070659844 ], [ -72.83653735350515, 41.743285073835622 ], [ -72.836451729823537, 41.743463456505594 ], [ -72.836376809102148, 41.743624000908568 ], [ -72.836262644193368, 41.743798815925139 ], [ -72.836141343977786, 41.743945089714522 ], [ -72.836037882029203, 41.744055686969901 ], [ -72.83584745852896, 41.744262164910396 ], [ -72.835601290444401, 41.74446195350076 ], [ -72.835376528280236, 41.744633200863937 ], [ -72.835044736514092, 41.744840124761105 ], [ -72.834705809441147, 41.744989966203882 ], [ -72.834338341141006, 41.745150510606855 ], [ -72.833931628653474, 41.745332460930229 ], [ -72.833449995444539, 41.745500140640004 ], [ -72.833114636024987, 41.745578629014787 ], [ -72.832608029242266, 41.745739173417768 ], [ -72.832415375958689, 41.745799823525566 ], [ -72.832219155021718, 41.745828364752761 ], [ -72.832083584192546, 41.745853338326555 ], [ -72.831965851630358, 41.745871176593553 ], [ -72.831787468960385, 41.745917556087747 ], [ -72.831641195171017, 41.745963935581941 ], [ -72.831487786074845, 41.746031720996527 ], [ -72.831345079938856, 41.746113777024718 ], [ -72.831241617990273, 41.746188697746106 ], [ -72.831148859001885, 41.746288592041289 ], [ -72.83112031777469, 41.746367080416078 ], [ -72.831043613226598, 41.746588274926829 ], [ -72.83095085423821, 41.746902228425981 ], [ -72.830861662903231, 41.747216181925133 ], [ -72.830779606875041, 41.747540838384481 ], [ -72.830715389113848, 41.747751329935042 ], [ -72.83064046839246, 41.748015336286606 ], [ -72.830554844710875, 41.748240098450772 ], [ -72.8304121385749, 41.748521943069328 ], [ -72.830319379586527, 41.748700325739293 ], [ -72.830180241103946, 41.748889411369468 ], [ -72.830033967314577, 41.749103470573431 ], [ -72.829862719951393, 41.749278285590009 ], [ -72.82978423157661, 41.749342503351194 ], [ -72.829181298152079, 41.749802730639729 ], [ -72.828863776999526, 41.750006086883495 ], [ -72.828653285448965, 41.750163063633067 ], [ -72.828457064511994, 41.750323608036048 ], [ -72.828378576137212, 41.750455611211827 ], [ -72.828282807046477, 41.750605850183518 ], [ -72.828259258512702, 41.750778539431167 ], [ -72.828322054602765, 41.75092768014504 ], [ -72.828369151670302, 41.751131767437712 ], [ -72.828351490269981, 41.751408462709499 ], [ -72.828304393202416, 41.751655722314077 ], [ -72.828254843162611, 41.751843987935679 ], [ -72.828215595606324, 41.752000978160808 ], [ -72.828137100493763, 41.752228613987249 ], [ -72.828003658802402, 41.752503346881234 ], [ -72.827925163689841, 41.752660337106363 ], [ -72.827832931932576, 41.75286442439905 ], [ -72.827742662553121, 41.753095984981123 ], [ -72.82767594170744, 41.753245125694995 ], [ -72.827646260743052, 41.753342263396846 ], [ -72.827596874234473, 41.753411600745956 ], [ -72.827518379121898, 41.753471780332255 ], [ -72.827285183225257, 41.753575786356727 ], [ -72.827157301604089, 41.753657552098666 ], [ -72.82690088423638, 41.753832857850071 ], [ -72.826751416459786, 41.753931957929964 ], [ -72.826621899524056, 41.754034001576301 ], [ -72.826504156855208, 41.754124270955749 ], [ -72.826362865652598, 41.754242013624598 ], [ -72.826252972494999, 41.75434013251531 ], [ -72.826127380314901, 41.754457875184158 ], [ -72.825993938623526, 41.754555994074863 ], [ -72.825880120710323, 41.75466981198808 ], [ -72.825727055240819, 41.75479147941256 ], [ -72.825636785861363, 41.754866049769497 ], [ -72.82554259172629, 41.754948469637689 ], [ -72.825428773813059, 41.755038739017145 ], [ -72.825354203456129, 41.755105459862826 ], [ -72.825232536031649, 41.755195729242274 ], [ -72.825130492385313, 41.755270299599211 ], [ -72.825030411116799, 41.755339964011625 ], [ -72.824865571380414, 41.755442007657962 ], [ -72.824741941578125, 41.755499897803482 ], [ -72.824589857297525, 41.755545032493202 ], [ -72.824378901682508, 41.755603903827627 ], [ -72.824163040122954, 41.755655906839699 ], [ -72.823975633041698, 41.755712815796308 ], [ -72.823689125880833, 41.755804066364668 ], [ -72.823410468231216, 41.755919846655701 ], [ -72.823296650318014, 41.755974793234508 ], [ -72.823218155205112, 41.756039878765073 ], [ -72.823169749885707, 41.756080434573235 ], [ -72.823104337291895, 41.756143230663291 ], [ -72.823057240224358, 41.756195560738334 ] ] ] } },
{ "type": "Feature", "properties": { "id": "Farmington Canal" }, "geometry": { "type": "MultiLineString", "coordinates": [ [ [ -72.916810974952327, 41.295466322196816 ], [ -72.918407951096796, 41.296375992152527 ], [ -72.920651803654209, 41.297770819417948 ], [ -72.921720915363423, 41.298634206730021 ], [ -72.922956300875342, 41.300297680406032 ], [ -72.923279739081821, 41.302339384084405 ], [ -72.922915871099534, 41.303572492246602 ], [ -72.922370069126103, 41.304563021753928 ], [ -72.921500828946193, 41.305836559691926 ], [ -72.920989139596131, 41.306892787584779 ], [ -72.920690969999541, 41.307554825163663 ], [ -72.920247505896114, 41.308848577989721 ], [ -72.920207076120306, 41.309596528842192 ], [ -72.920510299438874, 41.310041256376095 ], [ -72.920995456748585, 41.310506198797903 ], [ -72.922107275583343, 41.311294579426189 ], [ -72.922835011547903, 41.311799951623804 ], [ -72.924351128140771, 41.313073489561795 ], [ -72.925644880966672, 41.314245953060265 ], [ -72.926938633792574, 41.315580135661975 ], [ -72.927908948411996, 41.317540979788724 ], [ -72.929283560789514, 41.320512568310711 ], [ -72.930314520072656, 41.322897925083467 ], [ -72.931385909131592, 41.325303496744127 ], [ -72.932416868414734, 41.327789927956395 ], [ -72.933003100163972, 41.329063465894393 ], [ -72.934175563662436, 41.331388178003444 ], [ -72.934822440075379, 41.334824708947238 ], [ -72.934620291196339, 41.338301669666841 ], [ -72.933615886137176, 41.343814474442951 ], [ -72.931649676182104, 41.348562152139337 ], [ -72.930364446260242, 41.352283564151875 ], [ -72.929175129019129, 41.353798984507492 ], [ -72.926738946928452, 41.356676364929562 ], [ -72.926077149431379, 41.357625900468847 ], [ -72.925405760666237, 41.358863174050327 ], [ -72.924331538641979, 41.360781427665032 ], [ -72.922106364448922, 41.364915264204726 ], [ -72.920571761557156, 41.367428176439994 ], [ -72.91978527757513, 41.368790136506433 ], [ -72.918806968231593, 41.370382287006649 ], [ -72.917847841424248, 41.371830568485748 ], [ -72.916850349544617, 41.373298032501005 ], [ -72.916198143315611, 41.37410369901918 ], [ -72.915622667231204, 41.374947730609655 ], [ -72.915181468899831, 41.37583012727243 ], [ -72.915028008610648, 41.376280916871885 ], [ -72.914922504661845, 41.376856392956299 ], [ -72.914778635640744, 41.377479825381073 ], [ -72.913848282637517, 41.378673938256156 ], [ -72.912457548766852, 41.38027568002444 ], [ -72.910654390369118, 41.381441019095448 ], [ -72.909963819067826, 41.381910991231052 ], [ -72.908985509724332, 41.382438510975099 ], [ -72.907988017844673, 41.382918074378772 ], [ -72.907326220347599, 41.383944340062641 ], [ -72.906755539897134, 41.385186409278077 ], [ -72.906434232416672, 41.385430986613954 ], [ -72.906055377327789, 41.385613220707363 ], [ -72.905700500409068, 41.385761885362506 ], [ -72.905259302077695, 41.385881776213424 ], [ -72.904885242622825, 41.385982484528192 ], [ -72.904381701048962, 41.385982484528192 ], [ -72.903811020598638, 41.38593932382193 ], [ -72.902880667595497, 41.385843411141174 ], [ -72.902266826438705, 41.386025645234518 ], [ -72.901705737256506, 41.386294200740629 ], [ -72.900890479470249, 41.387320466424505 ], [ -72.89981625744602, 41.389123624822332 ], [ -72.899183233753163, 41.390101934165834 ], [ -72.898636531472974, 41.391003513364744 ], [ -72.897883616929022, 41.392571685694698 ], [ -72.897619857057009, 41.393511629965907 ], [ -72.897413644793417, 41.39441320916481 ], [ -72.89732732338075, 41.394979093981149 ], [ -72.897356097184968, 41.395559365699597 ], [ -72.897677404665458, 41.397429662973913 ], [ -72.897926777635362, 41.398887535721087 ], [ -72.898564596962387, 41.401175053156678 ], [ -72.899024977829924, 41.40244110054239 ], [ -72.899370263480563, 41.404282624012517 ], [ -72.899461380527143, 41.405985074095504 ], [ -72.899998491539264, 41.407308669089652 ], [ -72.900439689870637, 41.408497986330772 ], [ -72.900823340593575, 41.409437930601968 ], [ -72.901187808780364, 41.410416239945469 ], [ -72.901417999214132, 41.411106811246768 ], [ -72.901863993179703, 41.412109098760517 ], [ -72.90216132248996, 41.412933947814842 ], [ -72.902295600242994, 41.413317598537787 ], [ -72.902429877996028, 41.413643701652283 ], [ -72.902669659697878, 41.414411003098166 ], [ -72.902784754914762, 41.414756288748812 ], [ -72.902943010837959, 41.415197487080192 ], [ -72.903053310420802, 41.415494816390478 ], [ -72.903211566344027, 41.415897649649565 ], [ -72.903403391705496, 41.416338847980946 ], [ -72.903710312283849, 41.416943097869577 ], [ -72.90387597355452, 41.417286290432394 ], [ -72.90413876709728, 41.418034241284872 ], [ -72.904431882971906, 41.418751869805483 ], [ -72.904669407904777, 41.41944422971622 ], [ -72.904767566021135, 41.419821891615605 ], [ -72.90485051834159, 41.420004874675442 ], [ -72.904965187725765, 41.420175658864622 ], [ -72.905096935528846, 41.420375720343372 ], [ -72.905236002654306, 41.420656294368456 ], [ -72.905260693375979, 41.421066474470557 ], [ -72.905361767815492, 41.421652706219795 ], [ -72.90566499113406, 41.422279367744842 ], [ -72.905867140013115, 41.422724095278745 ], [ -72.906089503780066, 41.423269897252169 ], [ -72.906197273661988, 41.423530348294904 ], [ -72.906514444299034, 41.424250081663587 ], [ -72.906599836393625, 41.424372070370147 ], [ -72.906690108036486, 41.424491619302579 ], [ -72.90687309109633, 41.424691680781329 ], [ -72.90717074354032, 41.424957616161613 ], [ -72.907363485696678, 41.42510400260948 ], [ -72.907561107401307, 41.42522599131604 ], [ -72.907931953069223, 41.425469968729153 ], [ -72.908122255451445, 41.425584638113321 ], [ -72.908327196478467, 41.425731024561188 ], [ -72.908566294343316, 41.425921326943417 ], [ -72.908915182044069, 41.426238497580464 ], [ -72.909200635617395, 41.42661178302253 ], [ -72.909422655063338, 41.427016785528295 ], [ -72.909505607383792, 41.427253443619009 ], [ -72.909571481285326, 41.427482782387337 ], [ -72.909600758574896, 41.427692602962615 ], [ -72.909603198349032, 41.4279341406016 ], [ -72.909561722188798, 41.428390378364121 ], [ -72.909374423064591, 41.428889636089671 ], [ -72.908818513647219, 41.429991347480481 ], [ -72.908313141449597, 41.431133488647099 ], [ -72.90823228189798, 41.431608538512855 ], [ -72.908272711673789, 41.432134125598381 ], [ -72.908454645664932, 41.432548530800425 ], [ -72.908737654095589, 41.432841646675044 ], [ -72.909172274185536, 41.433367233760563 ], [ -72.909404745396444, 41.433710886854946 ], [ -72.909526034723868, 41.434236473940466 ], [ -72.909424960284341, 41.434903565241321 ], [ -72.909333993288769, 41.435419044882892 ], [ -72.909293563512961, 41.435843557528891 ], [ -72.909303670956916, 41.436257962730934 ], [ -72.909422655063352, 41.436975943531564 ], [ -72.909473890320115, 41.437132089075959 ], [ -72.909537324447513, 41.437307752813396 ], [ -72.909612957445589, 41.437434621068213 ], [ -72.909776422312362, 41.437642001869364 ], [ -72.909970762257771, 41.437834723987493 ], [ -72.910244858945546, 41.438061643019921 ], [ -72.910374166974492, 41.438168993081689 ], [ -72.910496155681045, 41.4382641442728 ], [ -72.910693777385674, 41.438417850043059 ], [ -72.910981506653002, 41.438724179055299 ], [ -72.911345374635289, 41.439057724705727 ], [ -72.911790102169192, 41.439714708562633 ], [ -72.912376333918431, 41.440422229639296 ], [ -72.912752946752349, 41.440999131073781 ], [ -72.91295788777937, 41.441640791670267 ], [ -72.913055478744596, 41.442070191917352 ], [ -72.913148190161579, 41.442509351260952 ], [ -72.913253100449239, 41.442877757154747 ], [ -72.91338202459167, 41.443378656995357 ], [ -72.913436083509069, 41.44372679855239 ], [ -72.913487318765817, 41.443902462289834 ], [ -72.913572710860407, 41.444263548861244 ], [ -72.913659979300363, 41.444621872601495 ], [ -72.913756000017912, 41.444920042198085 ], [ -72.913852020735447, 41.445137352243066 ], [ -72.913991132123911, 41.445512713216381 ], [ -72.914269266374859, 41.446203169295487 ], [ -72.914530322206886, 41.446791154861089 ], [ -72.914693787073674, 41.447198597140982 ], [ -72.915211471947046, 41.448346465697931 ], [ -72.915413620826087, 41.448829096146696 ], [ -72.915562346664331, 41.449313881312669 ], [ -72.915652618307192, 41.449628612175587 ], [ -72.915686775145019, 41.449860390718044 ], [ -72.915681895596762, 41.450077530615715 ], [ -72.915586744405644, 41.450502051314523 ], [ -72.915481834117998, 41.450965608399436 ], [ -72.915425719312992, 41.451204706264285 ], [ -72.91533300789601, 41.451529196223724 ], [ -72.915301290832289, 41.45183660776425 ], [ -72.915337887444267, 41.452117181789326 ], [ -72.915394002249272, 41.452346520557654 ], [ -72.915479394343862, 41.452629534356873 ], [ -72.915579425083251, 41.452968662961105 ], [ -72.915708733112197, 41.453302912017065 ], [ -72.915869758204863, 41.453739631586544 ], [ -72.915952710525318, 41.453988488547914 ], [ -72.916067379909478, 41.4541909898008 ], [ -72.916266221501147, 41.454493521793061 ], [ -72.916479956163045, 41.454908723684028 ], [ -72.916485009885022, 41.454918831127983 ], [ -72.916581030602572, 41.455267537944337 ], [ -72.916530493382837, 41.455833554805665 ], [ -72.916550708270734, 41.456414732832926 ], [ -72.916717481095958, 41.456763439649279 ], [ -72.917091456522186, 41.457354725120496 ], [ -72.917430055894599, 41.457829774986251 ], [ -72.917575350401179, 41.458091305098371 ], [ -72.9177029568813, 41.4583503083498 ], [ -72.917869729706524, 41.458850626825438 ], [ -72.918041556253698, 41.459492449516418 ], [ -72.918122415805314, 41.459962445660196 ], [ -72.918157791859144, 41.460306098754572 ], [ -72.918172953025078, 41.460629536961051 ], [ -72.918198221634952, 41.46102372727519 ], [ -72.918274027464605, 41.461402756423404 ], [ -72.918344779572266, 41.461640281356281 ], [ -72.918461015177712, 41.461913182342997 ], [ -72.918587358227128, 41.462100170056111 ], [ -72.918644212599162, 41.462163341580663 ], [ -72.91872886244245, 41.462277050325284 ], [ -72.918875420379763, 41.462448876872472 ], [ -72.919082622980781, 41.462797583688825 ], [ -72.919254449527983, 41.463065430953563 ], [ -72.919375738855408, 41.463348439384234 ], [ -72.91948692073889, 41.463596071761067 ], [ -72.919825520111289, 41.464308646559708 ], [ -72.920457235358313, 41.465688312659204 ], [ -72.920947446390002, 41.46677486288408 ], [ -72.920876694282128, 41.466613143780684 ], [ -72.921548839305174, 41.468139367817642 ], [ -72.922215930606029, 41.469599893468754 ], [ -72.923024526122219, 41.471328266384603 ], [ -72.923560220651694, 41.472520944770977 ], [ -72.923823014194454, 41.473359862619027 ], [ -72.92390387374607, 41.473986524144067 ], [ -72.923893766302129, 41.47446157400983 ], [ -72.923747208364844, 41.475037698315141 ], [ -72.92332774944083, 41.47569468217204 ], [ -72.922706141637747, 41.476280913921279 ], [ -72.922140124776419, 41.476872199392488 ], [ -72.921978405673187, 41.477109724325373 ], [ -72.921806579125999, 41.477407893921963 ], [ -72.92156400047115, 41.477887997509697 ], [ -72.921088950605395, 41.478787560021452 ], [ -72.920624008183594, 41.479697229977162 ], [ -72.92037637580674, 41.480157118676999 ], [ -72.920037776434341, 41.480920230695396 ], [ -72.919749714281693, 41.481612590606133 ], [ -72.919653693564143, 41.482072479305963 ], [ -72.919542511680675, 41.482694087109031 ], [ -72.919436383519184, 41.483204513028632 ], [ -72.91928982558187, 41.484003001100866 ], [ -72.919178643698388, 41.484563964240223 ], [ -72.919112945312705, 41.484791381729153 ], [ -72.918976494819347, 41.48505922899389 ], [ -72.918718754998551, 41.485392774644311 ], [ -72.918455961455791, 41.485726320294738 ], [ -72.918071878585579, 41.486160940384693 ], [ -72.916606299212489, 41.487939850520306 ], [ -72.916202001454437, 41.488551350879426 ], [ -72.915064914009804, 41.489956285588804 ], [ -72.91442309131881, 41.490734558773127 ], [ -72.913942987731076, 41.491315736800388 ], [ -72.91377621490588, 41.491502724513509 ], [ -72.913574066026825, 41.491795840388129 ], [ -72.91351342136312, 41.492023257877058 ], [ -72.913478045309276, 41.492371964693412 ], [ -72.913548797416951, 41.492917766666828 ], [ -72.913670086744375, 41.49362023402152 ], [ -72.913725677686116, 41.494085176443328 ], [ -72.91387223562343, 41.495015061286942 ], [ -72.913963202618987, 41.495631615368033 ], [ -72.91400363239481, 41.496131933843671 ], [ -72.9141097605563, 41.496788917700577 ], [ -72.914135029166189, 41.497137624516931 ], [ -72.914155244054086, 41.497410525503646 ], [ -72.914210834995828, 41.49772890998814 ], [ -72.914286640825196, 41.498249443351526 ], [ -72.914337178045216, 41.498956964428352 ], [ -72.914337178045216, 41.499603840841303 ], [ -72.914306855713392, 41.500452866133323 ], [ -72.914256318493642, 41.501160387209985 ], [ -72.914175458942012, 41.501913391784448 ], [ -72.914215888717834, 41.50246930120182 ], [ -72.914246211049687, 41.502747255910514 ], [ -72.914322016879325, 41.503065640395008 ], [ -72.914402876430955, 41.503338541381723 ], [ -72.914519112036402, 41.503601334924483 ], [ -72.914645455085804, 41.50389950452108 ], [ -72.9148577114088, 41.504273479947315 ], [ -72.914989108180166, 41.504571649543912 ], [ -72.915019430512032, 41.505188203625003 ], [ -72.914908248628549, 41.505632931158907 ], [ -72.914766744413214, 41.505966476809334 ], [ -72.914554488090218, 41.506269700127909 ], [ -72.914352339211177, 41.506461741563001 ], [ -72.914049115892595, 41.506734642549716 ], [ -72.913493206475223, 41.507270337079184 ], [ -72.913068693829217, 41.507624097617516 ], [ -72.912826115174369, 41.507841407662511 ], [ -72.912482462079993, 41.50818506075688 ], [ -72.911830531945057, 41.508735916452281 ], [ -72.911360535801279, 41.50913010676642 ], [ -72.910981506653059, 41.509499028470685 ], [ -72.910799572661901, 41.509711284793681 ], [ -72.910445812123569, 41.510600739861488 ], [ -72.910486241899392, 41.511136434390963 ], [ -72.910415489791717, 41.512581798876141 ], [ -72.910324522796145, 41.513956411253659 ], [ -72.910193126024765, 41.514451676007326 ], [ -72.909940439925961, 41.51496715564889 ], [ -72.909829258042478, 41.51551295762232 ], [ -72.909768613378773, 41.516008222375987 ], [ -72.909879795262242, 41.516927999775646 ], [ -72.909960654813858, 41.518514868476167 ], [ -72.910162803692899, 41.52172903565301 ], [ -72.910213340912662, 41.523002573591 ], [ -72.91031441535219, 41.524215466865279 ], [ -72.910375060015909, 41.52509481448913 ], [ -72.910455919567525, 41.525751798346036 ], [ -72.910375060015909, 41.526368352427127 ], [ -72.910243663244529, 41.526701898077555 ], [ -72.909960654813858, 41.52710619583565 ], [ -72.90965743149529, 41.527459956373981 ], [ -72.909212703961387, 41.52801586579136 ], [ -72.908505182884724, 41.528763816643831 ], [ -72.907817876695958, 41.529602734491874 ], [ -72.907342826830202, 41.530188966241113 ], [ -72.906887991852344, 41.53052251189154 ], [ -72.905796387905511, 41.531290677631915 ], [ -72.905018114721173, 41.531836479605339 ], [ -72.904340915976377, 41.532311529471102 ], [ -72.904078122433603, 41.532574323013861 ], [ -72.903875973554563, 41.532948298440097 ], [ -72.903532320460187, 41.533676034404664 ], [ -72.903208882253708, 41.534423985257142 ], [ -72.902946088710948, 41.534888927678942 ], [ -72.902683295168188, 41.535363977544705 ], [ -72.902501361177045, 41.535535804091893 ], [ -72.902194891928005, 41.535681797711774 ], [ -72.901887971349652, 41.535868827439209 ], [ -72.90108470264849, 41.536257273796188 ], [ -72.900717836644674, 41.536408336268344 ], [ -72.900449281138592, 41.536549807472419 ], [ -72.90017113436447, 41.536650515787194 ], [ -72.899729936033083, 41.536847136782704 ], [ -72.899557293207764, 41.537067735948391 ], [ -72.899269555165546, 41.537403430330968 ], [ -72.89902977346371, 41.537767898517764 ], [ -72.898722852885356, 41.538199505581069 ], [ -72.898204924409384, 41.539043537171544 ], [ -72.897576696350598, 41.540136941731944 ], [ -72.897327323380694, 41.541115251075446 ], [ -72.897336914648761, 41.541498901798384 ], [ -72.897365688452979, 41.541767457304445 ], [ -72.897471192401795, 41.54213192549124 ], [ -72.89811860299676, 41.542959172362572 ], [ -72.898291245822094, 41.543237319136708 ], [ -72.898320019626311, 41.543520261544877 ], [ -72.898305632724202, 41.543716882540387 ], [ -72.898104216094652, 41.544098135446312 ], [ -72.897758930443999, 41.544695191883875 ], [ -72.897106724214993, 41.545776607359251 ], [ -72.896214736284151, 41.547148158693766 ], [ -72.894171796184509, 41.549210281329586 ], [ -72.89407588350376, 41.549670662197123 ], [ -72.894171796184494, 41.549996765311626 ], [ -72.894286891401379, 41.550294094621904 ], [ -72.894747272268916, 41.551138126212372 ], [ -72.895198061868385, 41.551972566534765 ], [ -72.89558650822535, 41.552792619955049 ], [ -72.89648808742426, 41.553406461111756 ], [ -72.897404053525278, 41.553910002685612 ], [ -72.898282853462462, 41.554763625544183 ], [ -72.898286450187982, 41.554901500022751 ], [ -72.898257676383764, 41.555039374501305 ], [ -72.898186940781727, 41.555220409686193 ], [ -72.89769299047596, 41.555843842110967 ], [ -72.897503562931504, 41.556119591068082 ], [ -72.897462800042177, 41.556344985867781 ], [ -72.897410048067769, 41.556853323075678 ], [ -72.897317732112541, 41.557432395885655 ], [ -72.895648851467797, 41.56011315531218 ], [ -72.895554137695541, 41.560450048603258 ], [ -72.895510976989243, 41.560625089245605 ], [ -72.895540949701953, 41.560838494960237 ], [ -72.895639260199701, 41.561144216630083 ], [ -72.895777134678269, 41.561391191782988 ], [ -72.89618596247989, 41.561743670884546 ], [ -72.896627160811278, 41.561988248220423 ], [ -72.897135498019168, 41.562156095411709 ], [ -72.897734952273765, 41.562165686679784 ], [ -72.899048955999845, 41.561978656952348 ], [ -72.900295820849408, 41.561801218492988 ], [ -72.900895275104006, 41.561753262152621 ], [ -72.901438380658703, 41.561788030499521 ], [ -72.901921540787868, 41.561894733356709 ], [ -72.902286008974656, 41.562148901960654 ], [ -72.902511403774383, 41.562379092394423 ], [ -72.902933419569621, 41.562820290725803 ], [ -72.903168452477871, 41.564240944916534 ], [ -72.90308759292634, 41.565595342406141 ], [ -72.902764154719861, 41.567071029223186 ], [ -72.902622650504185, 41.567879624739206 ], [ -72.90248114628919, 41.568951013798319 ], [ -72.902157708082726, 41.570083047520981 ], [ -72.901581583777443, 41.571255511019451 ], [ -72.901399649786299, 41.57171034599731 ], [ -72.901217715795156, 41.572165180975162 ], [ -72.90115707113145, 41.572892916939729 ], [ -72.901116641355642, 41.573418504025256 ], [ -72.900833632924972, 41.574105810214014 ], [ -72.900267616063644, 41.574530322860014 ], [ -72.899762243866022, 41.575278273712485 ], [ -72.899620739650686, 41.576066654340764 ], [ -72.899843103417638, 41.576369877659346 ], [ -72.900308045839438, 41.577360407166672 ], [ -72.900328260727349, 41.578290292010287 ], [ -72.900025037408781, 41.579301036405518 ], [ -72.899438805659543, 41.580534144567707 ], [ -72.898832359022393, 41.581787467617794 ], [ -72.898508920815928, 41.582777997125127 ], [ -72.898246127273183, 41.58437497326959 ], [ -72.898428061264326, 41.585608081431772 ], [ -72.898731284582894, 41.586861404481866 ], [ -72.899337731220029, 41.588155157307774 ], [ -72.899398375883735, 41.588316876411014 ], [ -72.899565148708959, 41.588503864124128 ], [ -72.899742028978125, 41.588675690671323 ], [ -72.899949231579143, 41.588781818832821 ], [ -72.900080628350523, 41.588842463496533 ], [ -72.900308045839452, 41.588903108160245 ], [ -72.90064664521185, 41.588948591658031 ], [ -72.901116641355529, 41.589079988429368 ], [ -72.901450187005963, 41.589176009146918 ], [ -72.901677604494893, 41.589241707532608 ], [ -72.901899968261844, 41.589287191030394 ], [ -72.902258782522154, 41.589383211747943 ], [ -72.90263781167036, 41.589560092017109 ], [ -72.90280458449557, 41.589661166456629 ], [ -72.902956196154861, 41.589853207891728 ], [ -72.903042109428455, 41.589974497219153 ], [ -72.903082539204263, 41.590105893990533 ], [ -72.903087592926241, 41.590302989147602 ], [ -72.903112861536115, 41.590444493362938 ], [ -72.903148237589946, 41.590545567802458 ], [ -72.903203828531687, 41.590666857129889 ], [ -72.903244258307495, 41.590813415067196 ], [ -72.903264473195406, 41.590934704394627 ], [ -72.903269526917384, 41.591076208609955 ], [ -72.903299849249237, 41.591419861704338 ], [ -72.903436299742708, 41.591879750404203 ], [ -72.903461568352583, 41.592172866278823 ], [ -72.90356264279211, 41.592779312915965 ], [ -72.903608126289896, 41.593405974441019 ], [ -72.903284688083417, 41.594305536952781 ], [ -72.902973884181804, 41.59470225412791 ], [ -72.902761627858794, 41.594894295563002 ], [ -72.902630231087414, 41.595086336998094 ], [ -72.902438189652329, 41.595399667760617 ], [ -72.902397759876521, 41.595662461303377 ], [ -72.902438189652329, 41.595985899509856 ], [ -72.902519049203946, 41.596349767492136 ], [ -72.902549371535798, 41.596733850362327 ], [ -72.902599908755562, 41.597087610900658 ], [ -72.902660553419281, 41.59714825556437 ], [ -72.903145710728992, 41.597936636192657 ], [ -72.903560115931057, 41.598639103547342 ], [ -72.903883554137522, 41.599179851798795 ], [ -72.903984628577049, 41.599407269287724 ], [ -72.904075595572607, 41.599730707494203 ], [ -72.904105917904474, 41.600175435028106 ], [ -72.904166562568179, 41.600549410454342 ], [ -72.904297959339559, 41.601206394311241 ], [ -72.904404087501078, 41.601661229289093 ], [ -72.904414194945034, 41.602303051980066 ], [ -72.904303013061551, 41.602520362025039 ], [ -72.904045273240769, 41.602833692787563 ], [ -72.903767318532076, 41.603116701218227 ], [ -72.903342805886084, 41.603515945254344 ], [ -72.903135603285065, 41.603824222294897 ], [ -72.903029475123589, 41.604177982833235 ], [ -72.902847541132445, 41.604663140142947 ], [ -72.902604962477582, 41.605128082564754 ], [ -72.902160234943679, 41.605411090995418 ], [ -72.901432498979091, 41.606381405614854 ], [ -72.900906911893571, 41.607270860682661 ], [ -72.900462184359668, 41.608382679517405 ], [ -72.900118531265292, 41.609069985706164 ], [ -72.899673803731389, 41.609817936558642 ], [ -72.899067357094253, 41.610444598083681 ], [ -72.898440695569207, 41.611071259608728 ], [ -72.898177902026447, 41.611515987142631 ], [ -72.897470380949784, 41.612708665529006 ], [ -72.896580925881963, 41.614992947862248 ], [ -72.896333293505165, 41.616428204903492 ], [ -72.896206950455763, 41.617049812706561 ], [ -72.896131144626125, 41.617666366787653 ], [ -72.896176628123911, 41.61816668526329 ], [ -72.896363615837018, 41.618838830286123 ], [ -72.896500066330375, 41.619374524815598 ], [ -72.896540496106184, 41.61966764069021 ], [ -72.896515227496309, 41.619844520959376 ], [ -72.896560710994109, 41.620112368224113 ], [ -72.89670221520943, 41.620511612260231 ], [ -72.896828558258832, 41.62080472813485 ], [ -72.896843719424766, 41.620986662125993 ], [ -72.896884149200574, 41.621203972170967 ], [ -72.896767913595127, 41.621643645982893 ], [ -72.896343400949121, 41.622118695848656 ], [ -72.896085661128339, 41.622411811723275 ], [ -72.89550953682307, 41.622932345086816 ], [ -72.895130507674864, 41.623331589122934 ], [ -72.894802015746407, 41.623690403383243 ], [ -72.894458362652031, 41.623973411813921 ], [ -72.893690196911663, 41.624468676567581 ], [ -72.893392027315059, 41.624670825446628 ], [ -72.89280579556582, 41.625090284370643 ], [ -72.892189241484729, 41.625595656568265 ], [ -72.891784943726634, 41.625984793160427 ], [ -72.891400860856436, 41.626378983474567 ], [ -72.890895488658828, 41.627000591277643 ], [ -72.890622587672112, 41.627349298093996 ], [ -72.890334525519478, 41.6277940256279 ], [ -72.890152591528334, 41.628193269664017 ], [ -72.890021194756955, 41.628531869036422 ], [ -72.889960550093235, 41.62883509235499 ], [ -72.889697756550476, 41.629330357108657 ], [ -72.889323781124261, 41.630293091145106 ], [ -72.889192384352882, 41.630576099575769 ], [ -72.889045826415568, 41.630838893118529 ], [ -72.888939698254063, 41.630990504777813 ], [ -72.88868195843331, 41.631329104150218 ], [ -72.888505078164144, 41.631505984419384 ], [ -72.888252392065326, 41.631824368903885 ], [ -72.888050243186285, 41.632193290608143 ], [ -72.887807664531422, 41.632643071864024 ], [ -72.887575193320529, 41.633148444061618 ], [ -72.887408420495319, 41.633461774824141 ], [ -72.887282077445917, 41.633663923703189 ], [ -72.88718100300639, 41.633830696528399 ], [ -72.88708498228884, 41.634053060295351 ], [ -72.886963692961416, 41.634310800116133 ], [ -72.886897994575719, 41.634619077156685 ], [ -72.886791866414214, 41.635058750968611 ], [ -72.886721114306553, 41.635397350341016 ], [ -72.886650362198878, 41.635730895991443 ], [ -72.886544234037387, 41.635998743256181 ], [ -72.886352192602274, 41.636600136171339 ], [ -72.886251118162761, 41.636878090880032 ], [ -72.886147516861882, 41.637148465005588 ], [ -72.886079291615573, 41.637322818413935 ], [ -72.885952948566157, 41.637580558234717 ], [ -72.885791229462924, 41.637858512943403 ], [ -72.885629510359692, 41.63809098415431 ], [ -72.88540714659274, 41.638272918145454 ], [ -72.885179729103797, 41.638399261194863 ], [ -72.884876505785229, 41.638641839849726 ], [ -72.884745109013849, 41.638924848280389 ], [ -72.884664249462233, 41.639126997159437 ], [ -72.884603604798514, 41.639420113034049 ], [ -72.88455306757875, 41.639652584244956 ], [ -72.884411563363429, 41.639864840567952 ], [ -72.884300381479946, 41.640117526666764 ], [ -72.884179092152522, 41.640380320209523 ], [ -72.884057802825097, 41.640683543528091 ], [ -72.883926406053718, 41.641097948730128 ], [ -72.88382533161419, 41.641583106039846 ], [ -72.88362318273515, 41.642472561107652 ], [ -72.883486732241408, 41.642836429089762 ], [ -72.883431141299681, 41.642957718417186 ], [ -72.883299744528671, 41.643220511960124 ], [ -72.883016736098, 41.643382231063363 ], [ -72.882774157443151, 41.643584379942403 ], [ -72.882713512779432, 41.64384717348517 ], [ -72.882733727667343, 41.644170611691642 ], [ -72.882774157443151, 41.644332330794882 ], [ -72.882895446770576, 41.644574909449737 ], [ -72.882996521210103, 41.644675983889258 ], [ -72.883138025425438, 41.644938777432017 ], [ -72.883198670089143, 41.645221785862688 ], [ -72.883077380761719, 41.645605868732872 ], [ -72.882511363900392, 41.647607142635437 ], [ -72.88202620659068, 41.64922433366781 ], [ -72.88185438004308, 41.649790350529003 ], [ -72.881722983272098, 41.650255292950952 ], [ -72.881722983272098, 41.650659590709047 ], [ -72.881632016276569, 41.651367111785724 ], [ -72.881571371612864, 41.651650120216388 ], [ -72.881470297173337, 41.652206029633767 ], [ -72.881450082285426, 41.652580005060003 ], [ -72.881460189729381, 41.653060108647729 ], [ -72.881465243451359, 41.653590749455226 ], [ -72.881424813675523, 41.653818166944156 ], [ -72.881293416904128, 41.654182034926443 ], [ -72.881235299101007, 41.654308377975681 ], [ -72.88110642919105, 41.654581278962553 ], [ -72.880990193585603, 41.654940093222862 ], [ -72.880909334033944, 41.655293853761201 ], [ -72.88089417286804, 41.655612238245702 ], [ -72.880899226590017, 41.655925569008225 ], [ -72.88089417286804, 41.656198469994941 ], [ -72.880924495199864, 41.656441048649796 ], [ -72.881040730805324, 41.656865561295795 ], [ -72.881081160581132, 41.657158677170415 ], [ -72.881020515917413, 41.657456846767012 ], [ -72.880969978697323, 41.657671629950826 ], [ -72.880959871253367, 41.65778786555628 ], [ -72.880949763809753, 41.658063293404147 ], [ -72.880975032419627, 41.658305872058996 ], [ -72.881025569639391, 41.658770814480803 ], [ -72.881035677083347, 41.659448013225614 ], [ -72.880983802583984, 41.659914495799121 ], [ -72.88089268553729, 41.660269372717842 ], [ -72.880729633980039, 41.660609862734454 ], [ -72.880197318601958, 41.661108608674276 ], [ -72.879674594491973, 41.661449098690888 ], [ -72.879166257284055, 41.661693676026772 ], [ -72.878643533174042, 41.661890297022282 ], [ -72.878139991600179, 41.662024574775309 ], [ -72.876932054838676, 41.662414548025623 ], [ -72.875476582909542, 41.662818845783718 ], [ -72.874437762123804, 41.663242665820647 ], [ -72.873986972524349, 41.663626316543599 ], [ -72.873616813222313, 41.664112598609613 ], [ -72.872574658300479, 41.665415088039289 ], [ -72.872042342922398, 41.666153615680955 ], [ -72.871552480999924, 41.666761190523189 ], [ -72.871210912621649, 41.667224747608216 ], [ -72.871042568206605, 41.667458965924801 ], [ -72.870557053154428, 41.668107945843573 ], [ -72.870231991073496, 41.668767236230998 ], [ -72.869071230708656, 41.670208591370582 ], [ -72.867739114033071, 41.671282091988274 ], [ -72.866992543148939, 41.672238483447678 ], [ -72.866819319185623, 41.672501979053848 ], [ -72.866548504257082, 41.672726438273919 ], [ -72.866270370006134, 41.672899662237228 ], [ -72.866087386946305, 41.673009452073131 ], [ -72.862862492857033, 41.673532736373197 ], [ -72.862341959493136, 41.673737412113063 ], [ -72.86160916980694, 41.674017893682908 ], [ -72.860405152994787, 41.675046663472493 ], [ -72.859604907079785, 41.675778595711833 ], [ -72.859153548865507, 41.676432455178976 ], [ -72.858821739583675, 41.677018000970442 ], [ -72.858660714491023, 41.677383967090108 ], [ -72.858526683677113, 41.677737092234111 ], [ -72.858443628838486, 41.678038396504235 ], [ -72.858378371465264, 41.678290959290905 ], [ -72.858259721695788, 41.678751773049427 ], [ -72.858295316626652, 41.679376524895062 ], [ -72.858366506488338, 41.679815176822061 ], [ -72.858502953723217, 41.680209517921391 ], [ -72.8587070701996, 41.680631306458665 ], [ -72.858760745230484, 41.680987513481803 ], [ -72.858731467940913, 41.681353479601476 ], [ -72.858599720137832, 41.681665770690259 ], [ -72.858287429049042, 41.681982941327306 ], [ -72.857901944736327, 41.682246436933468 ], [ -72.857328321005411, 41.682540068782814 ], [ -72.856871519392939, 41.682814766935671 ], [ -72.856560805309115, 41.683004728883738 ], [ -72.856416942463625, 41.683150938281067 ], [ -72.856339820113476, 41.683297147346167 ], [ -72.85630422518264, 41.683395727513151 ], [ -72.856307191426851, 41.683498738088076 ], [ -72.856320539525925, 41.68354858185544 ], [ -72.856355392895722, 41.683621132158947 ], [ -72.856438447734348, 41.683864811968874 ], [ -72.856444380222825, 41.684130643436291 ], [ -72.856361325384185, 41.684374321316618 ], [ -72.856181903973933, 41.684637415582088 ], [ -72.855981646121876, 41.684950283547067 ], [ -72.854723958565444, 41.686456621928073 ], [ -72.853466271009012, 41.687537619500681 ], [ -72.853205241516164, 41.688104692931205 ], [ -72.852920482069436, 41.688671761363302 ], [ -72.852611992668798, 41.689274266095623 ], [ -72.851805174236375, 41.690053969725859 ], [ -72.851716186909243, 41.690088303049166 ], [ -72.850855976080581, 41.690426097672436 ], [ -72.849567676304375, 41.690758808876964 ], [ -72.8490284862214, 41.691251643251455 ], [ -72.84871619513261, 41.691890864073812 ], [ -72.848150761336555, 41.693527080179095 ], [ -72.847249023088537, 41.694359890014844 ], [ -72.846584584379485, 41.695299003064143 ], [ -72.846584584379485, 41.695316722046485 ], [ -72.846133715255476, 41.696557038679963 ], [ -72.84501247493391, 41.699848191512984 ], [ -72.844199724013023, 41.705699206127527 ], [ -72.844128534151352, 41.706159823580208 ], [ -72.844152264105247, 41.706841885670151 ], [ -72.844069209266621, 41.707364499777853 ], [ -72.843903099589355, 41.707931398413187 ], [ -72.843944627008639, 41.708671016461011 ], [ -72.844217521478427, 41.70973392570027 ], [ -72.844380716501675, 41.710264803055423 ], [ -72.84458533576381, 41.710796817365427 ], [ -72.844766200814391, 41.711152880839151 ], [ -72.844846713360738, 41.711365141188558 ], [ -72.844888189520972, 41.711604239053415 ], [ -72.844866231553794, 41.711889692626755 ], [ -72.844822635302762, 41.712178550256745 ], [ -72.844712525783521, 41.712548431642155 ], [ -72.844529542723691, 41.712916837535957 ], [ -72.844359901201855, 41.713174973813288 ], [ -72.844158196593753, 41.713396399172666 ], [ -72.843873437146968, 41.713471683621108 ], [ -72.843019158806754, 41.713755106636114 ], [ -72.842425909959417, 41.714246665464373 ], [ -72.842069960650988, 41.714512371373893 ], [ -72.841334332080251, 41.715017209575869 ], [ -72.841074822554006, 41.715158989962475 ], [ -72.840812273094571, 41.715274055560243 ], [ -72.84021902424719, 41.715477760266289 ], [ -72.839530855584243, 41.715770031108143 ], [ -72.83881302447891, 41.716336855619211 ], [ -72.838320627935587, 41.71726679125419 ], [ -72.838154518258321, 41.718055011875236 ], [ -72.838178248212216, 41.718834366579813 ], [ -72.838059598442726, 41.719241752777556 ], [ -72.837810433926848, 41.719498581879307 ], [ -72.837033277936783, 41.720428471765125 ], [ -72.836309514342972, 41.721030678988527 ], [ -72.835739995449501, 41.721376059996601 ], [ -72.834873852132333, 41.721880844284556 ], [ -72.834387388077488, 41.7220668164437 ], [ -72.834185683469386, 41.722190797584105 ], [ -72.833616164575901, 41.722438759147281 ], [ -72.83304664568243, 41.722784132587144 ], [ -72.832192367342216, 41.723315472715925 ], [ -72.831326224025034, 41.724068197043763 ], [ -72.830721110200713, 41.724750069116759 ], [ -72.830303542083428, 41.72555113995184 ], [ -72.830222016304788, 41.725843673628077 ], [ -72.830099727636835, 41.726131411670295 ], [ -72.829761635437251, 41.726373591189144 ], [ -72.82940409775955, 41.726556552354204 ], [ -72.828514224488472, 41.726884193382126 ], [ -72.827885380710271, 41.726804497069658 ], [ -72.827126022185624, 41.726822207369864 ], [ -72.826010714352549, 41.727548325474757 ], [ -72.825737819882761, 41.727698861127976 ], [ -72.825453060436033, 41.727734281230418 ], [ -72.825018753374906, 41.727710374176908 ], [ -72.824754993502879, 41.727676804738657 ], [ -72.824121969810037, 41.728209120116738 ], [ -72.823867801206092, 41.728410536746281 ], [ -72.823364259632228, 41.728894895783995 ], [ -72.823018973981576, 41.729379254821708 ], [ -72.822894287496624, 41.729820453153089 ], [ -72.822314774033401, 41.730651945108583 ], [ -72.821911364817211, 41.731223065624732 ], [ -72.821626605370469, 41.731825171678153 ], [ -72.821223196154264, 41.733100201161086 ], [ -72.821033356523102, 41.733702289619281 ], [ -72.820914706753626, 41.734091873261292 ], [ -72.820731456546028, 41.734673634798305 ], [ -72.820597178792994, 41.735100446227584 ], [ -72.820554018086696, 41.735460118780324 ], [ -72.820549222452669, 41.73596366035418 ], [ -72.820635543865322, 41.736759735604288 ], [ -72.820788731471424, 41.738035716446539 ], [ -72.820789004154491, 41.738188834547245 ], [ -72.820731456546042, 41.738452594419265 ], [ -72.820573200622832, 41.738769106265693 ], [ -72.820414944699621, 41.738984909797345 ], [ -72.820160770570908, 41.739456477983978 ], [ -72.820035178390796, 41.739794006968012 ], [ -72.819997724538425, 41.739953627872779 ], [ -72.819995930834509, 41.740100137907014 ], [ -72.820043027902059, 41.740343472755967 ], [ -72.820113673503357, 41.740586807604927 ], [ -72.820168620082157, 41.740885089032673 ], [ -72.820168620082143, 41.741073477302834 ], [ -72.820176469593406, 41.741230467527963 ], [ -72.820168620082143, 41.741411006286867 ], [ -72.820160770570894, 41.741575846023252 ], [ -72.820160770570894, 41.741842729405974 ], [ -72.820137222037118, 41.742125311811215 ], [ -72.820129372525869, 41.742329399103888 ], [ -72.820129372525869, 41.742580583464097 ], [ -72.820105823992094, 41.742792520268019 ], [ -72.820066576435821, 41.742925961959379 ], [ -72.820058726924557, 41.743090801695764 ], [ -72.819980231811996, 41.743428330679798 ], [ -72.819886037676909, 41.743820806242624 ], [ -72.819815392075597, 41.744017044024041 ], [ -72.819815392075597, 41.744126937181633 ], [ -72.819791843541836, 41.744307475940538 ], [ -72.819736896963036, 41.744511563233203 ], [ -72.819697649406748, 41.744660703947083 ], [ -72.8196348533167, 41.744864791239749 ], [ -72.819556358204139, 41.745068878532422 ], [ -72.819422916512778, 41.74524156778007 ], [ -72.819360120422715, 41.745398558005199 ], [ -72.819289474821417, 41.745579096764097 ], [ -72.819273775798905, 41.745806732590538 ], [ -72.819281625310154, 41.746042217928235 ], [ -72.819297324332666, 41.746222756687139 ], [ -72.819375819445241, 41.746473941047348 ], [ -72.81943861553529, 41.746725125407558 ], [ -72.819509261136616, 41.746858567098911 ], [ -72.819540659181641, 41.746944911722736 ], [ -72.819540659181641, 41.747062654391584 ], [ -72.819556358204153, 41.747172547549177 ], [ -72.819556358204153, 41.747313838751793 ], [ -72.819564207715416, 41.74745512995441 ], [ -72.819524960159129, 41.747659217247083 ], [ -72.819501411625353, 41.747792658938444 ], [ -72.819485712602841, 41.74794964916358 ], [ -72.819470013580329, 41.748012445253629 ], [ -72.819446465046568, 41.748138037433733 ], [ -72.819415067001543, 41.748263629613845 ], [ -72.819375819445256, 41.748506964462798 ], [ -72.819320872866456, 41.748734600289239 ], [ -72.819305173843944, 41.748915139048137 ], [ -72.819281625310182, 41.749072129273266 ], [ -72.819265926287656, 41.74919772145337 ], [ -72.819203130197607, 41.749417507768555 ], [ -72.819148183618807, 41.749574497993692 ], [ -72.819061838994998, 41.749700090173796 ], [ -72.818975494371173, 41.749841381376413 ], [ -72.818918585414551, 41.750037619157837 ], [ -72.818879337858277, 41.750410470942526 ], [ -72.818824391279477, 41.750645956280223 ], [ -72.818808692256965, 41.750912839662945 ], [ -72.818761595189429, 41.751164024023154 ], [ -72.818738046655668, 41.751321014248283 ], [ -72.818722347633155, 41.751532951052212 ], [ -72.818659551543092, 41.751744887856141 ], [ -72.818581056430531, 41.751933276126302 ], [ -72.818486862295458, 41.752098115862687 ], [ -72.818479012784195, 41.752098115862687 ], [ -72.818439765227907, 41.752255106087816 ], [ -72.818384818649122, 41.752412096312952 ], [ -72.818353420604083, 41.752545538004313 ], [ -72.818329872070322, 41.752655431161905 ], [ -72.818337721581571, 41.752804571875778 ], [ -72.818361270115346, 41.752945863078395 ], [ -72.818376969137859, 41.753102853303531 ], [ -72.818408367182883, 41.753346188152484 ], [ -72.818447614739171, 41.753573823978925 ], [ -72.818457426628228, 41.753695491403406 ], [ -72.818459389006051, 41.753787723160677 ], [ -72.818482937539827, 41.753921164852038 ], [ -72.818506486073588, 41.754062456054662 ], [ -72.818561432652388, 41.754172349212254 ], [ -72.818616379231187, 41.754297941392359 ], [ -72.818687024832499, 41.754407834549951 ], [ -72.818762576378447, 41.754527539596566 ], [ -72.818829297224127, 41.754621733731646 ], [ -72.818880319047295, 41.754719852622351 ], [ -72.818939190381727, 41.754802272490544 ], [ -72.819017685494288, 41.754868993336224 ], [ -72.819092255851231, 41.754920015159392 ], [ -72.81915505194128, 41.754982811249448 ], [ -72.819241396565104, 41.755029908316985 ], [ -72.819344421400345, 41.755098591540481 ], [ -72.819414085812753, 41.755132933152225 ], [ -72.819518091836898, 41.755178067841953 ], [ -72.819637796883555, 41.755217315398234 ], [ -72.819764370252571, 41.755257544143412 ], [ -72.819921360477707, 41.755294829321883 ], [ -72.820046952657819, 41.755326227366908 ], [ -72.820178431971357, 41.755365474923195 ], [ -72.820323647929612, 41.7554086472351 ], [ -72.822076051317609, 41.755905128822093 ], [ -72.822503849681098, 41.756018946735317 ], [ -72.822784469708509, 41.756119028003845 ], [ -72.822972857978655, 41.756185748849525 ], [ -72.823143584848495, 41.75625050731739 ], [ -72.823365333541489, 41.756330964807766 ], [ -72.823488963343777, 41.756364325230606 ], [ -72.823598856501377, 41.756391798520006 ], [ -72.823673426858306, 41.756407497542519 ], [ -72.823773508126834, 41.756419271809406 ], [ -72.8238951755513, 41.756433008454103 ], [ -72.824007031086708, 41.756438895587543 ], [ -72.824101225221796, 41.756440857965359 ], [ -72.824203268868132, 41.756438895587543 ], [ -72.824373995737972, 41.756434970831933 ], [ -72.824523136451845, 41.756442820343189 ], [ -72.824642841498502, 41.756434970831933 ], [ -72.824768433678614, 41.756421234187236 ], [ -72.824872439702759, 41.756415347053789 ], [ -72.825031392305704, 41.75641338467598 ], [ -72.825096150773575, 41.756399648031277 ], [ -72.825209968686792, 41.756393760897836 ], [ -72.825339485622521, 41.756387873764396 ], [ -72.825539648159534, 41.75638198663097 ], [ -72.825657390828383, 41.756366287608458 ], [ -72.825822230564782, 41.756358438097202 ], [ -72.825987070301167, 41.756334889563426 ], [ -72.826206856616352, 41.756311341029658 ], [ -72.826371696352737, 41.756311341029658 ], [ -72.826528686577873, 41.756311341029658 ], [ -72.826638579735459, 41.756311341029658 ], [ -72.826795569960595, 41.756311341029658 ], [ -72.826952560185717, 41.756323115296539 ], [ -72.827082077121446, 41.75632704005217 ], [ -72.827227293079702, 41.756342739074682 ], [ -72.827341110992919, 41.756362362852826 ], [ -72.827466703173016, 41.756393760897851 ], [ -72.827564822063735, 41.756433008454131 ], [ -72.827698263755096, 41.756484030277299 ], [ -72.827792457890169, 41.75655075112298 ], [ -72.827945523359674, 41.756695967081228 ], [ -72.828059341272905, 41.756868656328876 ], [ -72.828106438340441, 41.756966775219581 ], [ -72.828177083941753, 41.75711199117783 ], [ -72.82823595527617, 41.757225809091047 ], [ -72.828322299899995, 41.757343551759895 ], [ -72.828447892080106, 41.757441670650607 ], [ -72.828581333771467, 41.757520165763168 ], [ -72.828675527906526, 41.757567262830719 ], [ -72.828820743864767, 41.757626134165143 ], [ -72.828954185556128, 41.757649682698911 ], [ -72.829111175781264, 41.757677155988311 ], [ -72.829248542228257, 41.757688930255199 ], [ -72.829385908675249, 41.757708554033336 ], [ -72.829484027565954, 41.757728177811479 ], [ -72.829578221701027, 41.757763500612135 ], [ -72.829680265347363, 41.757826296702184 ], [ -72.829770534726819, 41.757936189859777 ], [ -72.829876503128787, 41.758073556306769 ], [ -72.82997069726386, 41.758214847509386 ], [ -72.83002564384266, 41.758340439689491 ], [ -72.830088439932709, 41.758450332847069 ], [ -72.830119837977733, 41.758583774538437 ], [ -72.830135537000245, 41.758736840007934 ], [ -72.830127687488996, 41.75886635694367 ], [ -72.830108063710853, 41.759023347168799 ], [ -72.830076665665828, 41.759176412638304 ], [ -72.830037418109555, 41.759349101885945 ], [ -72.829998170553267, 41.759486468332938 ], [ -72.829947148730099, 41.759725878426259 ], [ -72.829911825929443, 41.759937815230188 ], [ -72.829880427884419, 41.760051633143412 ], [ -72.829845105083763, 41.760251795680453 ], [ -72.829790158504963, 41.760444108706238 ], [ -72.829746986193058, 41.760589324664487 ], [ -72.829660641569234, 41.760785562445903 ], [ -72.829629243524209, 41.760871907069721 ], [ -72.829588033590113, 41.760995536872009 ], [ -72.829562522678529, 41.76106225771769 ], [ -72.829542898900385, 41.761150564719323 ], [ -72.829540936522562, 41.761236909343147 ], [ -72.829570372189778, 41.761317366833524 ], [ -72.829609619746066, 41.761380162923579 ], [ -72.829676340591746, 41.761450808524891 ], [ -72.829772497104642, 41.761525378881828 ], [ -72.829847067461571, 41.761564626438108 ], [ -72.829954998241362, 41.761611723505652 ], [ -72.830119837977762, 41.761654895817564 ], [ -72.830327850026052, 41.761717691907613 ], [ -72.830528012563093, 41.761760864219525 ], [ -72.830947961415319, 41.761847208843349 ], [ -72.831167747730504, 41.761890381155261 ], [ -72.831556298537706, 41.761972801023454 ], [ -72.831866354232346, 41.76203559711351 ], [ -72.832129312859436, 41.762090543692302 ], [ -72.832376572464028, 41.762172963560495 ], [ -72.832513938911006, 41.762286781473719 ], [ -72.832604208290462, 41.762384900364424 ], [ -72.832663079624879, 41.76251441730016 ], [ -72.832678778647406, 41.762600761923977 ], [ -72.832659154869262, 41.762698880814689 ], [ -72.83264345584675, 41.762796999705394 ], [ -72.832580659756701, 41.76289904335173 ], [ -72.832513938911021, 41.762989312731179 ], [ -72.832427594287196, 41.763071732599371 ], [ -72.832360873441516, 41.76312275442254 ], [ -72.832262754550811, 41.763173776245708 ], [ -72.832145011881963, 41.763264045625156 ], [ -72.832027269213114, 41.763322916959588 ], [ -72.831913451299883, 41.763397487316524 ], [ -72.831760385830393, 41.763491681451598 ], [ -72.831677965962186, 41.763574101319797 ], [ -72.831571997560232, 41.763636897409846 ], [ -72.831497427203288, 41.763695768744284 ], [ -72.831462104402632, 41.763774263856845 ], [ -72.831418932090727, 41.763852758969414 ], [ -72.831383609290071, 41.763950877860118 ], [ -72.831371835023191, 41.76404899675083 ], [ -72.831352211245047, 41.76414319088591 ], [ -72.831344361733784, 41.764237385020984 ], [ -72.831324737955654, 41.764343353422952 ], [ -72.83131296368876, 41.764425773291144 ], [ -72.831303151799688, 41.764561177360321 ], [ -72.831305114177496, 41.764714242829825 ], [ -72.83132473795564, 41.764865345921514 ], [ -72.831332587466889, 41.765002712368499 ], [ -72.831352211245033, 41.765087094614508 ], [ -72.831397345934761, 41.765212686794612 ], [ -72.83146014202481, 41.765334354219085 ], [ -72.831501351958906, 41.765440322621053 ], [ -72.831558260915529, 41.765524704867062 ], [ -72.831617132249946, 41.765618899002142 ], [ -72.831689740229066, 41.765728792159734 ], [ -72.831768235341627, 41.76583868531732 ], [ -72.83184476807638, 41.765964277497424 ], [ -72.8319173760555, 41.766038847854361 ], [ -72.831974285012123, 41.766111455833482 ], [ -72.832056704880316, 41.766182101434794 ], [ -72.832127350481628, 41.766233123257962 ], [ -72.832227431750141, 41.766329279770851 ], [ -72.832339287285549, 41.766425436283747 ], [ -72.832433481420637, 41.766509818529755 ], [ -72.832535525066973, 41.766576539375436 ], [ -72.832684665780846, 41.766643260221116 ], [ -72.832806333205312, 41.766717830578052 ], [ -72.832900527340399, 41.766784551423733 ], [ -72.833012382875808, 41.766857159402861 ], [ -72.833120313655584, 41.766945466404493 ], [ -72.833224319679729, 41.767055359562086 ], [ -72.833332250459506, 41.767139741808094 ], [ -72.833422519838962, 41.76723589832099 ], [ -72.833524563485298, 41.767347753856399 ], [ -72.833591284330979, 41.767438023235847 ], [ -72.833652118043219, 41.767532217370928 ], [ -72.833691365599506, 41.767602862972232 ], [ -72.833718838888899, 41.767669583817913 ], [ -72.833769860712067, 41.767742191797041 ], [ -72.833795371623637, 41.767797138375833 ], [ -72.833838543935556, 41.767893294888729 ], [ -72.8338581677137, 41.76797179000129 ], [ -72.833903302403414, 41.768065984136371 ], [ -72.833950399470964, 41.768150366382379 ], [ -72.833995534160678, 41.768238673384019 ], [ -72.834046555983846, 41.76833875465254 ], [ -72.834056367872918, 41.768397625986964 ], [ -72.834050480739506, 41.768472196343922 ], [ -72.834007308427601, 41.768570315234626 ], [ -72.833901340025633, 41.768735154971019 ], [ -72.833846393446834, 41.768837198617355 ], [ -72.833756124067392, 41.769017737376252 ], [ -72.833658005176687, 41.769178652357013 ], [ -72.833614832864768, 41.769268921736462 ], [ -72.833516713974063, 41.769449460495366 ], [ -72.833434294105871, 41.769622149743007 ], [ -72.833300852414467, 41.769889033125729 ], [ -72.833222357301906, 41.770140217485938 ], [ -72.833136012678082, 41.770399251357404 ], [ -72.833088915610546, 41.770516994026252 ], [ -72.833002570986721, 41.77069753278515 ], [ -72.832916226362897, 41.770893770566566 ], [ -72.832876978806624, 41.771003663724159 ], [ -72.832837731250336, 41.771144954926775 ], [ -72.832774935160288, 41.77132549368568 ], [ -72.8326807410252, 41.771608076090914 ], [ -72.832649342980176, 41.77171011973725 ], [ -72.832594396401376, 41.771906357518667 ], [ -72.832513284784952, 41.772304066088992 ], [ -72.83254991583749, 41.772618046539257 ], [ -72.832534216814963, 41.773020988117096 ], [ -72.832544682829976, 41.773282638492311 ], [ -72.83249235275494, 41.773680347062651 ], [ -72.832466187717415, 41.773968162475391 ], [ -72.832466187717415, 41.774177482775571 ], [ -72.832497585762439, 41.774376337060737 ], [ -72.832591779897513, 41.774569958338397 ], [ -72.832717372077624, 41.774706016533514 ], [ -72.832874362302761, 41.774847307736131 ], [ -72.832968556437834, 41.774899637811174 ], [ -72.83306798358042, 41.774951967886217 ], [ -72.833282536888092, 41.775025229991279 ], [ -72.833491857188278, 41.775145589163884 ], [ -72.833664546435912, 41.775271181343989 ], [ -72.833800604631037, 41.775365375479069 ], [ -72.833973293878671, 41.775558996756729 ], [ -72.834057021998746, 41.775695054951846 ], [ -72.834240177261407, 41.775899142244512 ], [ -72.834348059939046, 41.776016795829491 ], [ -72.834493127868654, 41.776121100869787 ], [ -72.834706533583301, 41.776196632105865 ], [ -72.834842010244842, 41.776217013550522 ], [ -72.835072225454596, 41.776307316829858 ], [ -72.835292011769781, 41.776448608032474 ], [ -72.835385115799497, 41.776497558141671 ], [ -72.835469638849403, 41.776552108478839 ], [ -72.835590293197541, 41.776689326377671 ], [ -72.83570018635514, 41.776835850587794 ], [ -72.835781297971465, 41.776971908782905 ], [ -72.835854560076527, 41.777107966978022 ], [ -72.835917356166561, 41.777296355248176 ], [ -72.835946137707836, 41.777448112465805 ], [ -72.835943521204086, 41.777599869683435 ], [ -72.835930438685324, 41.777707146337271 ], [ -72.8358990406403, 41.777845821036138 ], [ -72.83584147755775, 41.778023743291293 ], [ -72.835762982445189, 41.77817026750143 ], [ -72.83564785628009, 41.778353422764084 ], [ -72.83550656507748, 41.778541811034245 ], [ -72.835333875829832, 41.778798228401961 ], [ -72.835203050642221, 41.778918587574566 ], [ -72.835082691469623, 41.77904941276217 ], [ -72.834894303199462, 41.779227335017325 ], [ -72.834794876056876, 41.779326762159904 ], [ -72.834705914929302, 41.779478519377534 ], [ -72.834637885831739, 41.779593645542633 ], [ -72.834559390719178, 41.779771567797781 ], [ -72.834543691696666, 41.779881460955366 ], [ -72.83449659462913, 41.780043684188009 ], [ -72.834478279102868, 41.780174509375605 ], [ -72.834454730569092, 41.780276553021942 ], [ -72.834420716020318, 41.78035504813451 ], [ -72.834371002449018, 41.780430926743321 ], [ -72.834356611678388, 41.780447934017708 ], [ -72.834327830137113, 41.780502880596508 ], [ -72.834301665099588, 41.780549977664052 ], [ -72.834293815588339, 41.780607540746594 ], [ -72.834283349573326, 41.780654637814138 ], [ -72.834283349573326, 41.780699118377925 ], [ -72.834293815588339, 41.780772380482986 ], [ -72.834325213633363, 41.780845642588048 ], [ -72.834382776715913, 41.780926754204366 ], [ -72.834453422317225, 41.781031414354452 ], [ -72.834505752392261, 41.781083744429502 ], [ -72.834565931978574, 41.781146540519551 ], [ -72.834715072692447, 41.781285215218418 ], [ -72.834788334797508, 41.781382025857255 ], [ -72.834945325022645, 41.781596579164933 ], [ -72.835083999721505, 41.781808515968869 ], [ -72.835154645322817, 41.781989054727774 ], [ -72.835212208405366, 41.782119879915385 ], [ -72.835243606450391, 41.782232389576727 ], [ -72.835277620999179, 41.782365831268095 ], [ -72.835293320021677, 41.782507122470712 ], [ -72.835282854006664, 41.782711209763384 ], [ -72.835261921976652, 41.782818486417227 ], [ -72.835230523931628, 41.782917913559814 ], [ -72.835199125886604, 41.783033039724913 ], [ -72.835152028819053, 41.783187413446292 ], [ -72.835125863781542, 41.783336554160165 ], [ -72.835112781262779, 41.783590355024131 ], [ -72.83511016475903, 41.783807524835566 ], [ -72.835099698744017, 41.783961898556953 ], [ -72.835093291500485, 41.784024984014337 ], [ -72.835078766714005, 41.784163369345869 ], [ -72.835039519157718, 41.78429419453348 ], [ -72.834979339571419, 41.784506131337409 ], [ -72.834942708518895, 41.784631723517521 ], [ -72.834898227955094, 41.784937854456537 ], [ -72.834892994947595, 41.785168106786735 ], [ -72.834903460962593, 41.785471621221994 ], [ -72.834934859007632, 41.785717572574704 ], [ -72.834961024045143, 41.78591642685987 ], [ -72.834950558030144, 41.78612574716005 ], [ -72.834887761940081, 41.786303669415197 ], [ -72.83480926682752, 41.786481591670352 ], [ -72.834741237729958, 41.78661764986547 ], [ -72.834620878557359, 41.786785106105611 ], [ -72.834484820362249, 41.786978727383278 ], [ -72.834244102017024, 41.787292707833551 ], [ -72.8341028108144, 41.787533426178754 ], [ -72.834003383671813, 41.787706115426403 ], [ -72.83390918953674, 41.787855256140269 ], [ -72.833896107017978, 41.788012246365405 ], [ -72.833918347299885, 41.788137838545509 ], [ -72.834011233183091, 41.788281746251883 ], [ -72.834210087468279, 41.788498916063325 ], [ -72.834344463213398, 41.788640702976423 ], [ -72.834555471111017, 41.788818141435783 ], [ -72.834730511753364, 41.788938032286701 ], [ -72.834888767676546, 41.789101083843953 ], [ -72.834979339571433, 41.789231537113949 ], [ -72.835152527548573, 41.789559066894462 ], [ -72.835248440229307, 41.789738903170836 ], [ -72.835392309250409, 41.790002663042856 ], [ -72.835557758624674, 41.790302390170162 ], [ -72.835632090952231, 41.790501408982678 ], [ -72.835718412364898, 41.790738792867494 ], [ -72.835785222727111, 41.790921798537887 ], [ -72.835827086787148, 41.79131950710822 ], [ -72.835787949058428, 41.791775848727944 ], [ -72.835816620772135, 41.792250982444017 ], [ -72.835827086787148, 41.792449836729183 ], [ -72.835827086787148, 41.792617292969325 ], [ -72.835806154757137, 41.793035933569683 ], [ -72.835732892652061, 41.793454574170042 ], [ -72.835638698516988, 41.79382088469535 ], [ -72.835575902426939, 41.794134865145615 ], [ -72.835471242276839, 41.794490709655925 ], [ -72.835377048141737, 41.794872719203745 ], [ -72.835309019044189, 41.795244262736567 ], [ -72.835256688969139, 41.795553010179319 ], [ -72.835183426864063, 41.796076310929763 ], [ -72.835078766713977, 41.796474019500103 ], [ -72.834869446413791, 41.796787999950375 ], [ -72.834722922203667, 41.79710198040064 ], [ -72.834408941753409, 41.797604349121066 ], [ -72.834199621453223, 41.798085785811473 ], [ -72.834074029273125, 41.798902134982171 ], [ -72.833948437093014, 41.799488231822671 ], [ -72.833676320702779, 41.800472037233504 ], [ -72.83356119453768, 41.800880211818857 ], [ -72.833455737786636, 41.801131482256025 ], [ -72.833247214087422, 41.801361648509264 ], [ -72.832859971532088, 41.801947745349764 ], [ -72.832514593036791, 41.802481512115214 ], [ -72.832336670781643, 41.802837356625524 ], [ -72.832153515518996, 41.803172269105815 ], [ -72.831954661233823, 41.803517647601105 ], [ -72.831609282738526, 41.803805463013852 ], [ -72.831196950335666, 41.804288324044684 ], [ -72.830949007642587, 41.804580542218673 ], [ -72.830653837769887, 41.804925890969749 ], [ -72.830456073955162, 41.805173833662828 ], [ -72.830273068634085, 41.805519182413903 ], [ -72.830109318904803, 41.805838446086852 ], [ -72.830082942917599, 41.805947546761189 ], [ -72.830060312517219, 41.806270209548444 ], [ -72.830117875599768, 41.806552791953685 ], [ -72.830144040637279, 41.806762112253864 ], [ -72.830159739659791, 41.806966199546544 ], [ -72.830184517672279, 41.807231167675624 ], [ -72.830204032677031, 41.807544492895424 ], [ -72.830184517672279, 41.807910058382873 ], [ -72.830107773505375, 41.808158001075952 ], [ -72.830013319146104, 41.808470881141027 ], [ -72.829871637607184, 41.808913635950105 ], [ -72.829771279850462, 41.809244226207547 ], [ -72.829635501709021, 41.809692884414069 ], [ -72.829523337157369, 41.810295030954407 ], [ -72.829358042028645, 41.81108608621328 ], [ -72.829358042028645, 41.812030629805967 ], [ -72.82927539446429, 41.813459251989904 ], [ -72.82935751398449, 41.814608267037841 ], [ -72.829680174288299, 41.816592894839921 ], [ -72.829568611167105, 41.817797558466019 ], [ -72.828677422599426, 41.819605076637387 ], [ -72.82794691378831, 41.820820435426249 ], [ -72.826963753718829, 41.821197531144257 ], [ -72.826002994305441, 41.821181056492733 ], [ -72.824836739182842, 41.821489811386002 ], [ -72.8241970683559, 41.82220887535366 ], [ -72.823603211951479, 41.822996349418815 ], [ -72.822917930676155, 41.823771464769699 ], [ -72.822607037146312, 41.824016048345996 ], [ -72.822335200367093, 41.824406075508925 ], [ -72.822242024630995, 41.824563240205798 ], [ -72.821970021366567, 41.824807797687171 ], [ -72.821873416900871, 41.825127685090735 ], [ -72.821947538379092, 41.825575887247986 ], [ -72.822049001630489, 41.825872580438819 ], [ -72.821932879700768, 41.826384703044127 ], [ -72.821762415179819, 41.82700159675759 ], [ -72.821607403584181, 41.827525380531519 ], [ -72.82150055635455, 41.828075801114842 ], [ -72.821510147622632, 41.828228062495512 ], [ -72.821552109420438, 41.828374329333634 ], [ -72.821826721199315, 41.828863556796819 ], [ -72.822197122198361, 41.829356235402756 ], [ -72.822439301717225, 41.829660758164096 ], [ -72.822983606180401, 41.830260212418608 ], [ -72.823439191413897, 41.830898031745498 ], [ -72.823693360017842, 41.831348821344953 ], [ -72.823827637770876, 41.831636559387164 ], [ -72.823966711157937, 41.831933888697442 ], [ -72.824057828204658, 41.832209637654572 ], [ -72.824079408557822, 41.83250936478187 ], [ -72.824017065315331, 41.833000317816484 ], [ -72.82398229696858, 41.833223314799191 ], [ -72.823941534079268, 41.833439118330851 ], [ -72.823905566823996, 41.833669308764613 ], [ -72.823877991928271, 41.833892905201495 ], [ -72.823863605026162, 41.834127891269297 ], [ -72.823871337539842, 41.834378437305951 ], [ -72.823873196294215, 41.834569689055016 ], [ -72.823887583196338, 41.834772304593066 ], [ -72.823903169006954, 41.834924565973736 ], [ -72.823915158092049, 41.835038462282107 ], [ -72.823940335170732, 41.835185928028736 ], [ -72.823964313340909, 41.835356173037042 ], [ -72.824033850034425, 41.835986199458617 ], [ -72.824060226021629, 41.836460967228255 ], [ -72.824031452217426, 41.836722329283269 ], [ -72.82396910897495, 41.836995680423364 ], [ -72.823861207209106, 41.837424889669656 ], [ -72.823724531639058, 41.837731810248009 ], [ -72.823599845154106, 41.838026741741274 ], [ -72.823499136839345, 41.83826652344311 ], [ -72.823372052537366, 41.838482326974763 ], [ -72.823132270835529, 41.838777258468028 ], [ -72.822899682584762, 41.838966686012476 ], [ -72.822575977287258, 41.839184887361142 ], [ -72.822344276435501, 41.839464978902363 ], [ -72.822111194353937, 41.839779336116557 ], [ -72.82194043707446, 41.840163478821687 ], [ -72.821813571618691, 41.840659604524554 ], [ -72.821839421822688, 41.84116436327546 ], [ -72.821863139423812, 41.841500380142065 ], [ -72.821809812483977, 41.841653154925517 ], [ -72.821670019168891, 41.841897628310285 ], [ -72.821405709322917, 41.842130541061657 ], [ -72.821177321032877, 41.842303789114396 ], [ -72.820936217985889, 41.842414493192528 ], [ -72.82074193027799, 41.842641542658818 ], [ -72.820454123614653, 41.842740636847005 ], [ -72.820041761650799, 41.842793256061981 ], [ -72.819715026885135, 41.842874915812367 ], [ -72.819320245984443, 41.842996619220116 ], [ -72.818853534812817, 41.843165641305333 ], [ -72.818379076588684, 41.843369578436246 ], [ -72.818013575947035, 41.843590905706897 ], [ -72.817718101235471, 41.843806372068208 ], [ -72.817453848304538, 41.84411491903596 ], [ -72.817259603816879, 41.844400149750491 ], [ -72.817127587192857, 41.844662069090731 ], [ -72.817013571570698, 41.844888284060183 ], [ -72.816854220385125, 41.845189280744044 ], [ -72.816668310668618, 41.845432733944229 ], [ -72.816508959483045, 41.845556673755233 ], [ -72.816331902610187, 41.845662907878953 ], [ -72.816148252435923, 41.845797284765986 ], [ -72.815973362442662, 41.845928493188239 ], [ -72.81577859988252, 41.846140961435673 ], [ -72.815442191824076, 41.84637113537039 ], [ -72.81475167001993, 41.847079362861834 ], [ -72.81434886563413, 41.847473314403942 ], [ -72.813928355561046, 41.847920383007931 ], [ -72.813574241815331, 41.848345319502798 ], [ -72.813220128069602, 41.848876490121377 ], [ -72.812830602949319, 41.849602423300105 ], [ -72.812494194890874, 41.850310650791549 ], [ -72.812157786832444, 41.851054289657561 ], [ -72.81189220152315, 41.852222865018447 ], [ -72.81189220152315, 41.853568497252191 ], [ -72.812340295889925, 41.854855820485071 ], [ -72.813261057624985, 41.855944429411423 ], [ -72.813512828411916, 41.856179415479225 ], [ -72.813714245041467, 41.856404810278953 ], [ -72.813814953356243, 41.85656306620217 ], [ -72.813879694415718, 41.856702139589224 ], [ -72.813925252939072, 41.856879578048584 ], [ -72.813951628926276, 41.857033038337761 ], [ -72.813920457305031, 41.857277615673638 ], [ -72.813843727160446, 41.857505408290379 ], [ -72.813572773837365, 41.857877069928236 ], [ -72.813069232263501, 41.858198377408698 ], [ -72.812628033932114, 41.858308676991541 ], [ -72.81206694474983, 41.858428567842459 ], [ -72.811630542052484, 41.858606006301819 ], [ -72.811055065968077, 41.859004043926873 ], [ -72.810796101730091, 41.85933494267541 ], [ -72.810387218103827, 41.859942544675178 ], [ -72.809962281608961, 41.860774711977626 ], [ -72.809696696299682, 41.861801641840216 ], [ -72.809590462175962, 41.862456752269807 ], [ -72.809484228052241, 41.863005628575671 ], [ -72.809307171179384, 41.863713856067115 ], [ -72.808793706248082, 41.864687668867852 ], [ -72.808776000560798, 41.864705374555136 ], [ -72.80828024131678, 41.865307367922867 ], [ -72.807819893447345, 41.865980184039735 ], [ -72.80746577970163, 41.866830057029468 ], [ -72.807324134203341, 41.867786164142913 ], [ -72.80725331145419, 41.868689154194506 ], [ -72.807217900079621, 41.869131796376656 ], [ -72.807058548894048, 41.869326558936812 ], [ -72.80601391334416, 41.869680672682534 ], [ -72.804951572107001, 41.870052492115548 ], [ -72.804101699117268, 41.870176431926545 ], [ -72.803517411436829, 41.870495134297698 ], [ -72.803003946505527, 41.871097127665422 ], [ -72.802525892948807, 41.872141763215303 ], [ -72.802012428017505, 41.873257221514322 ], [ -72.801516668773502, 41.874974673181072 ], [ -72.80144584602435, 41.875824546170804 ], [ -72.801498963086217, 41.876692124847821 ], [ -72.801463551711649, 41.877010827218974 ], [ -72.801074026591351, 41.878250225328998 ], [ -72.800684501471054, 41.879471917751736 ], [ -72.80050744459821, 41.880357202116038 ], [ -72.800418916161775, 41.881667422975212 ], [ -72.800312682038054, 41.882818292648807 ], [ -72.799543671110385, 41.884543536586342 ], [ -72.799177660468217, 41.885417239409577 ], [ -72.79890610418532, 41.885818670436471 ], [ -72.798610934312606, 41.88606661312955 ], [ -72.798244923670438, 41.886503464541171 ], [ -72.797780768756127, 41.886917159255546 ], [ -72.796550223489746, 41.887359801437704 ], [ -72.795841995998316, 41.887678503808857 ], [ -72.794673420637437, 41.888369025613009 ], [ -72.794248484142571, 41.888705433671447 ], [ -72.793575668025724, 41.889156928697247 ], [ -72.793318935560066, 41.889466778224758 ], [ -72.792902851908835, 41.88971465784676 ], [ -72.792159213042822, 41.889900567563267 ], [ -72.791663453798805, 41.890121888654335 ], [ -72.790955226307361, 41.890458296712765 ], [ -72.790233719550386, 41.89088323320766 ], [ -72.789737960306354, 41.89127275832795 ], [ -72.789153672625915, 41.89191016307025 ], [ -72.788764147505631, 41.892547567812549 ], [ -72.788410033759902, 41.893291206678569 ], [ -72.78810903707604, 41.894619133225021 ], [ -72.787967391577752, 41.895345066403749 ], [ -72.787985097265036, 41.895964765458764 ], [ -72.788533973570907, 41.89638970195363 ], [ -72.789171378313199, 41.896832344135781 ], [ -72.789490080684345, 41.897398926128936 ], [ -72.789543197746212, 41.898585207177099 ], [ -72.789189084000483, 41.899045555046541 ], [ -72.788356916698035, 41.899488197228692 ], [ -72.787914274515884, 41.900178719032851 ], [ -72.787719511955743, 41.900869240837004 ], [ -72.787542455082871, 41.901913876386885 ], [ -72.786844307533585, 41.904181314370568 ], [ -72.787132045575802, 41.904852703135717 ], [ -72.787314279669218, 41.905677552190035 ], [ -72.787213571354442, 41.906660657167571 ], [ -72.7873238709373, 41.9071210380351 ], [ -72.787539674468945, 41.907893135115017 ], [ -72.787467739958402, 41.908262398935847 ], [ -72.787381418545706, 41.90863166275669 ], [ -72.7873238709373, 41.90926948208358 ], [ -72.787606813345477, 41.909643541538451 ], [ -72.78807198984704, 41.910137491844232 ], [ -72.788340545353094, 41.9109815234347 ], [ -72.78835972788923, 41.911667299101964 ], [ -72.788230245770237, 41.912166045041786 ], [ -72.788009646604536, 41.912602447739133 ], [ -72.787568448273163, 41.912890185781343 ], [ -72.787033030302609, 41.913271433656092 ], [ -72.786443847825481, 41.913713320513942 ], [ -72.786195770993004, 41.913903254338805 ], [ -72.785825003416093, 41.914006860803262 ], [ -72.78541277849051, 41.914031168955546 ], [ -72.785063920444841, 41.914124197767727 ], [ -72.784749814368112, 41.914436178303902 ], [ -72.784709051478799, 41.915026041290425 ], [ -72.784718642746867, 41.915594323923784 ], [ -72.784668288589472, 41.916083478595532 ], [ -72.784681476583074, 41.916236938884708 ], [ -72.784650304961843, 41.916364023186681 ], [ -72.784598751895942, 41.916470726043997 ], [ -72.784519623934344, 41.916565439816225 ], [ -72.784418915619568, 41.916676938307575 ], [ -72.784191123002813, 41.916783641164891 ], [ -72.78367439343539, 41.916926311277493 ], [ -72.783367472857037, 41.917067782481574 ], [ -72.783113304253092, 41.917245220940934 ], [ -72.782958645055416, 41.917429852851356 ], [ -72.782813577125793, 41.917770342867961 ], [ -72.782416738409225, 41.919280967589536 ], [ -72.782258482486014, 41.919784509163399 ], [ -72.782143387269144, 41.920136988265099 ], [ -72.78184366014186, 41.92068848617933 ], [ -72.781531943929465, 41.921187232119152 ], [ -72.78129695786167, 41.921474970161363 ], [ -72.781079955421518, 41.921624833725005 ], [ -72.780957666753565, 41.92169676823557 ], [ -72.780843770445188, 41.921743525667431 ], [ -72.780211945660838, 41.922009683356464 ], [ -72.779492600555358, 41.922303415941229 ], [ -72.778435163250222, 41.922462271318707 ], [ -72.777437671370564, 41.922632516327006 ], [ -72.776418599137756, 41.922831535139537 ], [ -72.774548301863405, 41.923162433888074 ], [ -72.773490864558312, 41.92333747453042 ], [ -72.772538931202021, 41.923565267147154 ], [ -72.772428631619164, 41.923636602203423 ], [ -72.77236389055966, 41.923730716521405 ], [ -72.772335116755443, 41.923830825381913 ], [ -72.772339912389469, 41.923936928784983 ], [ -72.772459803240395, 41.924306792060079 ], [ -72.772615661346563, 41.924653276619232 ], [ -72.772898603754768, 41.925123848209104 ], [ -72.773078440031142, 41.925493112029933 ], [ -72.773402145328618, 41.926346734888483 ], [ -72.773493262375325, 41.92661529039453 ], [ -72.773565196885869, 41.92687905026655 ], [ -72.773608357592195, 41.927140412321556 ], [ -72.773615551043264, 41.927396978742522 ], [ -72.773599965232648, 41.927784825645233 ], [ -72.773573589245458, 41.928140901472453 ], [ -72.773598766324142, 41.928276378133994 ], [ -72.773655115024084, 41.928371091906222 ], [ -72.773770210240968, 41.928492181665654 ], [ -72.77390688581103, 41.928603680157011 ], [ -72.774602252746348, 41.929115614090435 ], [ -72.774937947128905, 41.929351799066744 ], [ -72.775029064175612, 41.929421335760281 ], [ -72.775145358301003, 41.929482480094244 ], [ -72.775415112715564, 41.92963594038342 ], [ -72.775735269177176, 41.92972518900271 ], [ -72.776065859434624, 41.929925904516153 ], [ -72.776272478345518, 41.93017384720924 ], [ -72.776343319114957, 41.930345045735415 ], [ -72.776361029307324, 41.930510340864132 ], [ -72.776325608922605, 41.930716959775033 ], [ -72.776213444370967, 41.93098851605793 ], [ -72.776054052639708, 41.931260072340827 ], [ -72.776012728857523, 41.93134862330264 ], [ -72.776018632254974, 41.931543435418632 ], [ -72.776048149242243, 41.931708730547356 ], [ -72.776183927383698, 41.931891735868433 ], [ -72.776361029307324, 41.932080644586975 ], [ -72.776514517641132, 41.932240036318241 ], [ -72.776744750141859, 41.932393524652049 ], [ -72.776898238475667, 41.932547012985864 ], [ -72.776986789437487, 41.932665080934946 ], [ -72.77705763020694, 41.932859893050939 ], [ -72.777069437001842, 41.93296025080766 ], [ -72.777051726809475, 41.933143256128744 ], [ -72.77700449962984, 41.933284937667651 ], [ -72.77700449962984, 41.933343971642188 ], [ -72.777051726809475, 41.933438426001459 ], [ -72.777146181168746, 41.933544687155639 ], [ -72.777234732130566, 41.933639141514902 ], [ -72.777287862707652, 41.933709982284356 ], [ -72.777346896682189, 41.933777871355076 ], [ -72.77737346197074, 41.933866422316896 ], [ -72.777382317066909, 41.933963828374885 ], [ -72.777364606874556, 41.934093703118883 ], [ -72.777441351041446, 41.934297370331045 ], [ -72.777544660496901, 41.934427245075042 ], [ -72.777645018253622, 41.934542361325398 ], [ -72.77777194129888, 41.934681091165579 ], [ -72.777884105850518, 41.934881806679023 ], [ -72.777943139825055, 41.935058908602649 ], [ -72.777954946619971, 41.935174024853012 ], [ -72.777872299055602, 41.935380643763907 ], [ -72.777757182805246, 41.935513470206637 ], [ -72.777544660496929, 41.935723040816264 ], [ -72.777258345720398, 41.935973935208075 ], [ -72.776842156199862, 41.936316332260418 ], [ -72.776482048955131, 41.936646922517859 ], [ -72.776245913056954, 41.936918478800756 ], [ -72.775891709209702, 41.93742617098183 ], [ -72.775561118952268, 41.938417941754146 ], [ -72.775608346131889, 41.938890213550486 ], [ -72.776175072287515, 41.939480553295915 ], [ -72.777025161520925, 41.940177154195524 ], [ -72.778096414150454, 41.941422957746809 ], [ -72.778349100249258, 41.941887900168616 ], [ -72.778418977985055, 41.942465460339683 ], [ -72.778466934325408, 41.943072108045321 ], [ -72.778490912495599, 41.943350254819457 ], [ -72.778531675384897, 41.94377227061468 ], [ -72.778538868835952, 41.943983278512299 ], [ -72.778546062287035, 41.944089981369636 ], [ -72.778536471018967, 41.944195485318446 ], [ -72.77842737034463, 41.944490416811703 ], [ -72.778058106523829, 41.945548453571021 ], [ -72.777696036154026, 41.946547743813476 ], [ -72.777415491562863, 41.94740915957729 ], [ -72.777169715318507, 41.94794387277237 ], [ -72.777001868127229, 41.948356297299533 ], [ -72.776824446007467, 41.949126704736216 ], [ -72.776747699523284, 41.949555205808736 ], [ -72.776680560646767, 41.949996404140116 ], [ -72.776687754097821, 41.95018223495903 ], [ -72.776722522444572, 41.95037585868333 ], [ -72.776820832942335, 41.950613842022342 ], [ -72.777086990631375, 41.951119781413219 ], [ -72.777185301129165, 41.951547791751004 ], [ -72.777245246554614, 41.952092096214187 ], [ -72.777235655286532, 41.952375038622357 ], [ -72.777190456649635, 41.952615612631696 ], [ -72.777096002290364, 41.953205952377125 ], [ -72.777013354726009, 41.953997007635998 ], [ -72.776977934341275, 41.954528313406882 ], [ -72.776942513956541, 41.954917937638861 ], [ -72.777155036264901, 41.955307561870846 ], [ -72.777314427996174, 41.955478760397028 ], [ -72.777414785752896, 41.95559682834611 ], [ -72.777509240112167, 41.955765075173559 ], [ -72.777559418990521, 41.955912660109917 ], [ -72.777612549567607, 41.956066148443725 ], [ -72.777624356362523, 41.956328849630438 ], [ -72.777627308061255, 41.95651775834898 ], [ -72.777630259759974, 41.956724377259874 ], [ -72.777636163157425, 41.956830638414054 ], [ -72.777650921651073, 41.956957561459319 ], [ -72.777715859023061, 41.957072677709682 ], [ -72.77783392697215, 41.957202552453673 ], [ -72.777975608511056, 41.957323572101487 ], [ -72.778105483255047, 41.957382606076031 ], [ -72.77827963347994, 41.957462301941668 ], [ -72.778480348993384, 41.957515432518754 ], [ -72.778760760372464, 41.957598080083123 ], [ -72.778970330982091, 41.957695486141112 ], [ -72.779159239700633, 41.957775182006749 ], [ -72.779413085791163, 41.957967042424016 ], [ -72.779581332618605, 41.958114627360374 ], [ -72.779976860248041, 41.958524913483444 ], [ -72.780201189351317, 41.958796469766341 ], [ -72.780351725986392, 41.958985378484876 ], [ -72.780537683006202, 41.959436988390138 ], [ -72.780576055089654, 41.959587525025221 ], [ -72.780652799256558, 41.960236898745187 ], [ -72.780700026436193, 41.9604995999319 ], [ -72.780809239289098, 41.960862658875342 ], [ -72.780986341212724, 41.961148973651873 ], [ -72.781128022751616, 41.961326075575506 ], [ -72.78128741448289, 41.961444143524588 ], [ -72.781535357175969, 41.961597631858403 ], [ -72.781659328522508, 41.961686182820216 ], [ -72.781966305190124, 41.961916415320921 ], [ -72.782296895447558, 41.962294232757998 ], [ -72.782527127948285, 41.962772407951789 ], [ -72.782692423077009, 41.963014447247417 ], [ -72.782887235192987, 41.963291906927772 ], [ -72.783164694873335, 41.963398168081952 ], [ -72.783442154553697, 41.963575270005578 ], [ -72.783566125900236, 41.963734661736844 ], [ -72.783607449682407, 41.963905860263019 ], [ -72.783660580259493, 41.964218740328093 ], [ -72.783760938016215, 41.964791369881162 ], [ -72.783802261798385, 41.965116056741145 ], [ -72.78390698168613, 41.965783631390018 ], [ -72.783967556927109, 41.966674553669073 ], [ -72.783935755490361, 41.967903301634266 ], [ -72.783801477737285, 41.968927169501072 ], [ -72.783652813082142, 41.96990068321054 ], [ -72.783403440112238, 41.970994087770919 ], [ -72.783220007110444, 41.971622315829585 ], [ -72.782989816676675, 41.972547873198685 ], [ -72.782826765119424, 41.973008254066215 ], [ -72.782563005247397, 41.973583730150622 ], [ -72.782100226562832, 41.97457642639624 ], [ -72.78163984569531, 41.975434844888809 ], [ -72.781563115550711, 41.975631465884312 ], [ -72.781342516385024, 41.976082255483774 ], [ -72.781064369610888, 41.976724870444698 ], [ -72.781169873559705, 41.977516150060765 ], [ -72.781440902816669, 41.978227502487115 ], [ -72.781576680958125, 41.978699774283456 ], [ -72.781647521727578, 41.979018557745988 ], [ -72.781597883897533, 41.979381651701331 ], [ -72.78143003670624, 41.979774893692358 ], [ -72.781161481200172, 41.980134566245113 ], [ -72.780777830477234, 41.980570968942459 ], [ -72.780293471439535, 41.981199197001274 ], [ -72.780058485371711, 41.981539687017872 ], [ -72.779761156061454, 41.981808242523947 ], [ -72.778993854615535, 41.982249440855313 ], [ -72.778116253586802, 41.982705026088809 ], [ -72.777497980187803, 41.982962097357046 ], [ -72.776164430533854, 41.983644970360011 ], [ -72.774164651140524, 41.984527367022785 ], [ -72.772933372101562, 41.985469709110781 ], [ -72.771983836562271, 41.986260988726848 ], [ -72.771289668535445, 41.986836464811475 ], [ -72.770458824938601, 41.987937062822681 ], [ -72.769319861854854, 41.989780984109821 ], [ -72.768670053442875, 41.990807249793683 ], [ -72.768466238996325, 41.991596131592736 ], [ -72.768360735047494, 41.992490517340585 ], [ -72.768276811451855, 41.993418472526699 ], [ -72.768190490039188, 41.99443274912548 ], [ -72.768128146796712, 41.994967462320581 ], [ -72.768375121949603, 41.996674708037673 ], [ -72.7685309800558, 41.997648221747141 ], [ -72.768710816332174, 41.998705659052241 ], [ -72.768823513732045, 41.999283532953669 ], [ -72.769008145642459, 41.99983742868492 ], [ -72.769204766637969, 42.0004081091353 ], [ -72.76949371773712, 42.000953645634844 ], [ -72.769804220892567, 42.001417590100047 ], [ -72.770166291262342, 42.001875573150556 ], [ -72.770799974897272, 42.002828467512856 ] ] ] } },
{ "type": "Feature", "properties": { "id": "Little River Feeder" }, "geometry": { "type": "MultiLineString", "coordinates": [ [ [ -72.744473681909682, 42.112220115064062 ], [ -72.744538422969185, 42.112100224213144 ], [ -72.74467989417326, 42.111920387936763 ], [ -72.744835752279457, 42.111786110183736 ], [ -72.745137877223755, 42.111597881547802 ], [ -72.745519130129679, 42.111492377598992 ], [ -72.745929156839821, 42.111422840905469 ], [ -72.746732425540969, 42.11133052495024 ], [ -72.747753895590819, 42.111225021001438 ], [ -72.748703431130096, 42.111138699588771 ], [ -72.749854383298896, 42.111014013103819 ], [ -72.751484898871396, 42.110452923921514 ], [ -72.751671928598824, 42.110380989410949 ], [ -72.752657431393388, 42.109882243471127 ], [ -72.752798902597462, 42.109700009377718 ] ] ] } },
{ "type": "Feature", "properties": { "id": "Westfield River Feeder" }, "geometry": { "type": "MultiLineString", "coordinates": [ [ [ -72.745075533981137, 42.1563279591171 ], [ -72.745243381172415, 42.1564190761638 ], [ -72.745372863291408, 42.156481419406276 ], [ -72.745463980338116, 42.156510193210494 ], [ -72.74555989301885, 42.15650539757646 ], [ -72.745655805699585, 42.156462236870127 ], [ -72.745660601333626, 42.156462236870127 ], [ -72.74575651401436, 42.156409484895725 ], [ -72.745838039792986, 42.156351937287283 ], [ -72.745924361205638, 42.156299185312882 ], [ -72.746020273886373, 42.15622245516829 ], [ -72.746065832409741, 42.156193681364059 ], [ -72.746132971286258, 42.156145725023684 ], [ -72.746224088332951, 42.156073790513126 ], [ -72.746358366085985, 42.155958695296242 ], [ -72.747758691224718, 42.154481640012918 ], [ -72.748602722815193, 42.153982894073089 ], [ -72.749648171035204, 42.154107580558048 ], [ -72.752209039610847, 42.154472048744843 ], [ -72.753254487830858, 42.154721421714754 ], [ -72.75431911858702, 42.154989977220815 ], [ -72.755163150177495, 42.155210576386501 ], [ -72.755510833645161, 42.155253737092842 ], [ -72.755846528027732, 42.155186598216332 ], [ -72.7560767184615, 42.155081094267523 ], [ -72.756374047771772, 42.154918042710271 ], [ -72.756517916792873, 42.15475499115302 ], [ -72.756633012009758, 42.154630304668061 ], [ -72.757052629987996, 42.154097989289987 ], [ -72.75769524494892, 42.153349870380254 ], [ -72.758289903569505, 42.152956628389227 ], [ -72.759191482768387, 42.152841533172356 ], [ -72.759949192946209, 42.152875102610608 ], [ -72.760456331245635, 42.152882296061641 ], [ -72.760643360973063, 42.152889489512702 ], [ -72.760758456189947, 42.152889489512702 ], [ -72.760873551406831, 42.152891887329716 ], [ -72.761000635708811, 42.152887091695682 ], [ -72.761120526559708, 42.152877500427607 ], [ -72.761396275516844, 42.152812759368118 ], [ -72.761592896512354, 42.152760007393709 ], [ -72.761873441103504, 42.152702459785274 ], [ -72.761988536320359, 42.152678481615084 ], [ -72.762134803158489, 42.152659299078941 ], [ -72.762265484185974, 42.152655702353428 ], [ -72.762410552115597, 42.152644912176847 ], [ -72.762644339274885, 42.152629326366217 ], [ -72.762711478151445, 42.152618536189635 ], [ -72.762795401747084, 42.152587364568397 ], [ -72.762864938440615, 42.152548999496098 ], [ -72.762924883866077, 42.152503440972751 ], [ -72.762980033657499, 42.152419517377112 ], [ -72.763037581265948, 42.152270852721969 ], [ -72.763080741972274, 42.152112596798759 ], [ -72.763119107044574, 42.151954340875541 ], [ -72.763147880848777, 42.151824858756541 ], [ -72.76316946120194, 42.15164262466314 ], [ -72.763200632823185, 42.151501153459058 ], [ -72.763243793529512, 42.151345295352861 ], [ -72.763294147686906, 42.151227802318971 ], [ -72.763378071282546, 42.151127094004202 ], [ -72.763481177414334, 42.151023987872406 ], [ -72.763596272631219, 42.150949655544842 ], [ -72.763723356933198, 42.150894505753413 ], [ -72.763826463064987, 42.150863334132175 ], [ -72.764025481877511, 42.150822571242863 ], [ -72.764111803290177, 42.150808184340754 ], [ -72.764392347881298, 42.15074823891527 ], [ -72.764617742681025, 42.150657121868569 ], [ -72.764773600787223, 42.150566004821869 ], [ -72.764927061076392, 42.150450909604992 ], [ -72.765063736646439, 42.150352599107237 ], [ -72.765171638412298, 42.150232708256311 ], [ -72.765202810033514, 42.150070855607574 ], [ -72.765198014399502, 42.149889820422679 ], [ -72.76509970390174, 42.149439030823224 ], [ -72.764989404318897, 42.148957069602538 ], [ -72.764864717833959, 42.148446334577628 ], [ -72.764799976774455, 42.148074672939778 ], [ -72.764735235714966, 42.147707806935969 ], [ -72.764653709936312, 42.147295382408807 ], [ -72.764605753595944, 42.147036418170821 ], [ -72.764538614719442, 42.146703121605263 ], [ -72.764508642006675, 42.146514892969307 ], [ -72.764489459470525, 42.146378217399274 ], [ -72.764482266019471, 42.146229552744131 ], [ -72.764479868202443, 42.146061705552846 ], [ -72.764489459470525, 42.14586988019137 ], [ -72.764520631091756, 42.145670861378846 ], [ -72.764551802712987, 42.145553368344949 ], [ -72.764556598347028, 42.145495820736507 ], [ -72.76455420053, 42.145385521153656 ], [ -72.764561393981069, 42.145258436851684 ], [ -72.76457338306615, 42.145131352549711 ], [ -72.764602156870382, 42.144958709724385 ], [ -72.764604554687395, 42.144877183945759 ], [ -72.764630930674599, 42.144723723656575 ], [ -72.764650113210749, 42.144589445903542 ], [ -72.764662102295844, 42.144509119033422 ], [ -72.764676489197939, 42.144423996529277 ], [ -72.764681284831994, 42.144373642371889 ], [ -72.764686080466021, 42.14433407839109 ], [ -72.764712456453225, 42.14426813842308 ], [ -72.764755617159565, 42.144145849755141 ], [ -72.764810766950987, 42.14405473270844 ], [ -72.764915071991283, 42.143910863687339 ], [ -72.765001393403949, 42.143793370653434 ], [ -72.765090112633629, 42.143647103815312 ], [ -72.765152455876105, 42.14352481514738 ], [ -72.765205207850514, 42.1434360959177 ], [ -72.765281937995113, 42.143289829079571 ], [ -72.765327496518466, 42.143193916398836 ], [ -72.765377850675847, 42.143083616815993 ], [ -72.765425807016214, 42.142966123782088 ], [ -72.765466569905527, 42.142853426382224 ], [ -72.76548815025869, 42.142803072224829 ], [ -72.765524117513976, 42.142733535531306 ], [ -72.765598449841548, 42.142613644680388 ], [ -72.765691964705255, 42.142467377842266 ], [ -72.765747114496676, 42.14238345424662 ], [ -72.765828640275302, 42.142263563395701 ], [ -72.765895779151805, 42.142182037617076 ], [ -72.765929348590078, 42.14214607036179 ], [ -72.766006078734648, 42.142076533668266 ], [ -72.766123571768546, 42.141966234085423 ], [ -72.766281827691756, 42.141841547600464 ], [ -72.766399320725668, 42.141745634919729 ], [ -72.766540791929771, 42.141635335336865 ], [ -72.766655887146655, 42.141551411741226 ], [ -72.766828529971974, 42.141419531805212 ], [ -72.766970001176063, 42.141321221307457 ], [ -72.767123461465232, 42.141201330456539 ], [ -72.767252943584225, 42.141091030873696 ], [ -72.767305695558633, 42.141021494180158 ], [ -72.767408801690422, 42.140915990231349 ], [ -72.767495123103089, 42.140803292831485 ], [ -72.767543079443456, 42.140714573601805 ], [ -72.767662970294381, 42.140539532959465 ], [ -72.767712125543227, 42.140459206089353 ], [ -72.767780463328293, 42.140326127244833 ], [ -72.767895558545177, 42.140139097517398 ], [ -72.767960299604667, 42.140004819764371 ], [ -72.768013051579075, 42.139925691802759 ], [ -72.768080190455592, 42.13982018785395 ], [ -72.768161716234175, 42.139731468624291 ], [ -72.768279209268073, 42.139613975590393 ], [ -72.768418282655134, 42.139503676007543 ], [ -72.768478228080596, 42.139467708752271 ], [ -72.768547764774127, 42.139414956777863 ], [ -72.768610108016603, 42.139369398254516 ], [ -72.768749181403678, 42.139263894305707 ], [ -72.768830707182303, 42.139194357612176 ], [ -72.768929017680051, 42.139132014369693 ], [ -72.769052505256496, 42.139030107146411 ], [ -72.769155611388285, 42.138955774818839 ], [ -72.769273104422183, 42.138881442491268 ], [ -72.769364221468891, 42.138821497065805 ], [ -72.769445747247516, 42.138768745091404 ], [ -72.769553649013346, 42.138708799665942 ], [ -72.769680733315312, 42.138646456423466 ], [ -72.769870160859767, 42.13856493064484 ], [ -72.769992449527706, 42.138512178670432 ], [ -72.770145909816875, 42.138442641976901 ], [ -72.770289778837977, 42.138377900917405 ], [ -72.770373702433631, 42.138346729296167 ], [ -72.770448034761202, 42.138308364223874 ], [ -72.770515173637719, 42.138293977321759 ], [ -72.770589505965276, 42.13827959041965 ], [ -72.770673429560929, 42.138269999151575 ], [ -72.770754955339555, 42.138267601334562 ], [ -72.770810105130977, 42.138262805700521 ], [ -72.770872448373467, 42.138265203517541 ], [ -72.77095637196912, 42.13827959041965 ], [ -72.771041494473266, 42.138311960949409 ], [ -72.771106235532756, 42.138359917289776 ], [ -72.771137407154001, 42.13838629327698 ], [ -72.771166180958218, 42.138427056166293 ], [ -72.771190159128409, 42.138477410323681 ], [ -72.77120214821349, 42.138522968847028 ], [ -72.771206943847531, 42.138585312089504 ], [ -72.771206943847531, 42.138652450966021 ], [ -72.771199750396477, 42.138726783293592 ], [ -72.771182965677355, 42.138808309072218 ], [ -72.771170976592259, 42.138880243582769 ], [ -72.771163783141205, 42.13893539337419 ], [ -72.771161385324177, 42.139012123518775 ], [ -72.771160186415656, 42.139042096231506 ], [ -72.771161385324163, 42.13906847221871 ], [ -72.77118296567734, 42.139144003454781 ], [ -72.77120214821349, 42.139182368527081 ], [ -72.771245308919816, 42.139220733599373 ], [ -72.771281276175088, 42.139263894305699 ], [ -72.771338823783537, 42.139299861560978 ], [ -72.771356807411152, 42.139310651737567 ], [ -72.771405962660054, 42.139331033182216 ], [ -72.771465908085503, 42.139357409169421 ], [ -72.771530649145006, 42.13937419388855 ], [ -72.771643346544863, 42.139395774241699 ], [ -72.771741657042611, 42.139402967692753 ], [ -72.771856752259495, 42.139398172058719 ], [ -72.771979040927434, 42.139386182973624 ], [ -72.772096533961331, 42.139367000437481 ], [ -72.772285961505787, 42.139323839731148 ], [ -72.772386669820563, 42.139290270292889 ], [ -72.772487378135338, 42.139268689939726 ], [ -72.772568903913964, 42.139249507403576 ], [ -72.772681601313849, 42.139239916135516 ], [ -72.772806287798801, 42.139232722684461 ], [ -72.772918985198658, 42.139239916135516 ], [ -72.773096423658018, 42.13926629212272 ], [ -72.773281055568432, 42.139304657195012 ], [ -72.773400946419358, 42.139331033182209 ], [ -72.773592771780812, 42.13940056987574 ], [ -72.773722253899805, 42.139472504386291 ], [ -72.773794188410363, 42.139606782139317 ], [ -72.773872117463455, 42.139797408592251 ], [ -72.774020782118598, 42.13992209507721 ], [ -72.774138275152509, 42.140025201208999 ], [ -72.774274950722543, 42.140147489876938 ], [ -72.774426013194699, 42.140288961081019 ], [ -72.774601053837046, 42.140332121787353 ], [ -72.774802470466582, 42.140353702140516 ], [ -72.775146557208728, 42.140388470487309 ], [ -72.775626120612415, 42.140455609363819 ], [ -72.776546882347475, 42.140561113312629 ], [ -72.777160723504181, 42.140733756137955 ], [ -72.777784155928956, 42.141002311644009 ], [ -72.777944809669165, 42.141031085448233 ], [ -72.778314073489994, 42.141086235239655 ], [ -72.778649767872594, 42.141126998128975 ], [ -72.779369112978102, 42.141173755560828 ], [ -72.779745570249986, 42.141188142462944 ], [ -72.780047695194312, 42.141200131548032 ], [ -72.78034262668757, 42.141214518450141 ], [ -72.780522462963972, 42.141219314084182 ], [ -72.780831781359339, 42.141245690071386 ], [ -72.781006822001686, 42.141264872607536 ], [ -72.781205840814209, 42.141296044228774 ], [ -72.781418047620292, 42.141315226764881 ], [ -72.781552325373355, 42.141332011484032 ], [ -72.78190960010906, 42.141394354726486 ], [ -72.782338809355352, 42.141473482688092 ], [ -72.782748836065494, 42.141566997551813 ], [ -72.782911887622745, 42.141622147343234 ], [ -72.783031778473685, 42.141670103683595 ], [ -72.783448998634881, 42.141830757423826 ], [ -72.783789488651493, 42.142010593700206 ], [ -72.784132376485104, 42.142183236525526 ], [ -72.78454240319526, 42.142406233508233 ], [ -72.785120277096695, 42.142703562818554 ], [ -72.785494336551565, 42.142972118324614 ], [ -72.785724526985334, 42.143132772064845 ], [ -72.78598349122332, 42.143286232354022 ], [ -72.786335970325013, 42.14349484243462 ], [ -72.786726814499005, 42.143722635051368 ], [ -72.786899457324338, 42.143828139000178 ], [ -72.787191991000583, 42.144053533799905 ], [ -72.787522889749113, 42.144355658744225 ], [ -72.787719510744623, 42.144528301569537 ], [ -72.787930518642241, 42.144751298552251 ], [ -72.788393297326806, 42.145307592100522 ], [ -72.788681035369009, 42.145734403529794 ], [ -72.788942397424009, 42.146022141572004 ], [ -72.791361794795563, 42.148626170853959 ], [ -72.791251495212705, 42.148755652972952 ], [ -72.791184356336188, 42.148885135091945 ], [ -72.791165173800053, 42.14905298228323 ], [ -72.791203538872338, 42.149254398912774 ], [ -72.791237108310597, 42.149355107227549 ], [ -72.791297053736059, 42.149506169699713 ], [ -72.791371386063631, 42.149662027805903 ], [ -72.791440922757161, 42.149784316473841 ], [ -72.791558415791059, 42.149913798592834 ], [ -72.791738252067447, 42.150074452333072 ], [ -72.791937270879984, 42.150266277694548 ], [ -72.792112311522317, 42.150417340166705 ], [ -72.792225008922188, 42.150534833200602 ], [ -72.792328115053976, 42.150601972077119 ], [ -72.792510349147364, 42.15069308912382 ], [ -72.792675798521643, 42.15076022800033 ], [ -72.792795689372554, 42.150860936315105 ], [ -72.792944354027696, 42.151000009702173 ], [ -72.793049857976513, 42.151119900553091 ], [ -72.793121792487057, 42.151206221965751 ], [ -72.793155361925315, 42.151326112816669 ], [ -72.793188931363588, 42.151426821131437 ], [ -72.793265661508173, 42.151551507616389 ], [ -72.793318413482581, 42.151618646492906 ], [ -72.793397541444179, 42.151688183186437 ], [ -72.793519830112118, 42.151748128611892 ], [ -72.793637323146015, 42.15181766530543 ], [ -72.793735633643763, 42.151860826011756 ], [ -72.793817159422389, 42.151889599815981 ], [ -72.793879502664865, 42.151903986718089 ], [ -72.793949039358395, 42.151903986718089 ], [ -72.794025769502994, 42.151903986718089 ], [ -72.794083317111429, 42.151899191084055 ], [ -72.79417683197515, 42.151894395450014 ], [ -72.794222390498504, 42.15188480418194 ], [ -72.794838629472196, 42.151776902416117 ], [ -72.795049637369814, 42.151726548258729 ], [ -72.795234269280229, 42.151690581003457 ], [ -72.795380536118344, 42.151666602833274 ], [ -72.795553178943678, 42.151669000650294 ], [ -72.795886475509263, 42.15171216135662 ], [ -72.796212578623766, 42.151769708965062 ], [ -72.796433177789453, 42.151798482769287 ], [ -72.796898354291031, 42.151913577986164 ], [ -72.797246037758711, 42.151978319045675 ], [ -72.797713612077274, 42.152043060105157 ], [ -72.797962985047192, 42.152081425177457 ], [ -72.798231540553246, 42.152095812079565 ], [ -72.798490504791232, 42.152100607713599 ], [ -72.798660749799552, 42.152110198981681 ], [ -72.798799823186627, 42.152114994615715 ], [ -72.798979659463001, 42.152112596798702 ], [ -72.799226634615891, 42.152103005530627 ], [ -72.79947600758581, 42.152088618628518 ], [ -72.799658241679211, 42.152071833909389 ], [ -72.799854862674707, 42.152062242641314 ], [ -72.800063472755312, 42.152033468837089 ], [ -72.800303254457148, 42.152002297215851 ], [ -72.801120910060433, 42.151839245658593 ], [ -72.801916985310541, 42.151676194101348 ], [ -72.80250205266303, 42.151541916348314 ], [ -72.802914477190185, 42.151436412399505 ], [ -72.803317310449273, 42.151484368739872 ], [ -72.803576274687288, 42.151498755641981 ], [ -72.803727337159444, 42.151505949093035 ], [ -72.803959925410211, 42.151489164373913 ], [ -72.804257254720497, 42.151450799301614 ], [ -72.8045449927627, 42.151407638595288 ], [ -72.804911858766516, 42.151316521548587 ], [ -72.805036545251468, 42.151302134646478 ], [ -72.805156436102394, 42.151309328097533 ], [ -72.805561667178495, 42.151330908450703 ], [ -72.805988478607773, 42.151345295352812 ], [ -72.806228260309609, 42.151369273522995 ], [ -72.806731801883487, 42.151405240778253 ], [ -72.807125043874507, 42.151462788386695 ], [ -72.807508694597445, 42.151577883603579 ], [ -72.807853980248098, 42.151731343892756 ], [ -72.808170492094519, 42.152028673203034 ], [ -72.808381499992137, 42.152364367585605 ], [ -72.808659646766273, 42.152719244504326 ], [ -72.808899428468109, 42.152949434938094 ], [ -72.809225531582612, 42.153227581712223 ], [ -72.809542043429033, 42.153409815805624 ], [ -72.809829781471251, 42.153534502290576 ], [ -72.81015588458574, 42.153678371311678 ], [ -72.810453213896025, 42.153918153013521 ], [ -72.810609072002265, 42.154189106336524 ], [ -72.810788908278596, 42.154474446561785 ], [ -72.81090400349548, 42.154704636995547 ], [ -72.811270869499324, 42.155090685535434 ], [ -72.812220405038616, 42.155512701330672 ], [ -72.812709559710356, 42.155800439372875 ], [ -72.813361765939376, 42.156951391541703 ], [ -72.813860511879184, 42.158332534144286 ], [ -72.815116967996815, 42.159473895045032 ], [ -72.816680344692799, 42.160308335367432 ], [ -72.821044371666261, 42.162648604777374 ], [ -72.825410796456737, 42.164622008183535 ], [ -72.82717079414823, 42.166060698394539 ], [ -72.827659948819985, 42.167158898588958 ], [ -72.827851774181468, 42.168098842860161 ], [ -72.827974062849393, 42.16973655188373 ], [ -72.82800283665361, 42.170115406972627 ], [ -72.827993245385542, 42.170328812687259 ], [ -72.827950084679202, 42.17050625114662 ], [ -72.827834989462332, 42.170897095320647 ], [ -72.827686324807189, 42.171410228162578 ], [ -72.827628777198754, 42.171652407681442 ] ] ] } },
{ "type": "Feature", "properties": { "id": "Hampshire & Hampden Canal" }, "geometry": { "type": "MultiLineString", "coordinates": [ [ [ -72.770799974897272, 42.002828467512856 ], [ -72.770807707314034, 42.002840095044228 ], [ -72.771833726373472, 42.004426913893774 ], [ -72.771926152097947, 42.004693388060446 ], [ -72.771946557777383, 42.00478701411901 ], [ -72.771946557777383, 42.004933454877282 ], [ -72.771896143745849, 42.005042685278923 ], [ -72.771833726373472, 42.005144713676081 ], [ -72.771716093633231, 42.005372777152061 ], [ -72.770873382015637, 42.006451725274864 ], [ -72.770326252299782, 42.007154207693347 ], [ -72.769813899732242, 42.007817826257011 ], [ -72.768669959234032, 42.009140305366174 ], [ -72.768225231700129, 42.009605247787981 ], [ -72.766515325106951, 42.011653151191133 ], [ -72.766407975045183, 42.011862971766412 ], [ -72.766486047817367, 42.012106949179518 ], [ -72.766573879686092, 42.012350926592632 ], [ -72.766632434265233, 42.012524150555947 ], [ -72.766686109296117, 42.012697374519256 ], [ -72.766781260487235, 42.012846200741251 ], [ -72.76690812874206, 42.012965749673675 ], [ -72.767191142541265, 42.013146292959384 ], [ -72.767369246052837, 42.013258522569416 ], [ -72.767557108660924, 42.013341474889877 ], [ -72.767869399749713, 42.01348298178948 ], [ -72.768142654452404, 42.013751356943907 ], [ -72.768318318189841, 42.014097804870524 ], [ -72.768376872768982, 42.014512566472817 ], [ -72.768367113672468, 42.01494684626816 ], [ -72.768295983807789, 42.015336168508924 ], [ -72.76797254560131, 42.015760681154923 ], [ -72.767386313852072, 42.016104334249299 ], [ -72.767032943873247, 42.016388960107854 ], [ -72.766850709779845, 42.016796589000975 ], [ -72.766692453856635, 42.017218604796213 ], [ -72.766773979635261, 42.017491955936308 ], [ -72.766802753439478, 42.017842037220994 ], [ -72.766740410197002, 42.018129775263198 ], [ -72.766577358639751, 42.018398330769259 ], [ -72.766021065091493, 42.019079310802482 ], [ -72.760688320042604, 42.025083444616499 ], [ -72.760515677217285, 42.025534234215954 ], [ -72.760472004584159, 42.025974625340844 ], [ -72.760496494681135, 42.026291944393762 ], [ -72.760564716001142, 42.026486977908377 ], [ -72.760667186514638, 42.026716316676705 ], [ -72.760711102449008, 42.026921257703719 ], [ -72.760706222900737, 42.027101800989421 ], [ -72.760122435226265, 42.029044638330866 ], [ -72.759796332111762, 42.030061312746668 ], [ -72.759345542512307, 42.030713518975666 ], [ -72.759067395738171, 42.031231447451638 ], [ -72.759009848129736, 42.031567141834209 ], [ -72.759000256861654, 42.031778149731828 ], [ -72.759105760810471, 42.032094661578256 ], [ -72.759479820265341, 42.032449538496977 ], [ -72.760069683251871, 42.032761254709371 ], [ -72.760395786366374, 42.033022616764377 ], [ -72.760649954970305, 42.033283978819377 ], [ -72.760745867651039, 42.033514169253138 ], [ -72.760736276382971, 42.033773133491124 ], [ -72.760496494681135, 42.034367792111688 ], [ -72.760084070153965, 42.035087137217197 ], [ -72.759858075899984, 42.035542722450685 ], [ -72.759824506461726, 42.035768117250413 ], [ -72.759862871534025, 42.036022285854358 ], [ -72.759901236606311, 42.036238089386018 ], [ -72.759882054070175, 42.036463484185745 ], [ -72.759843688997876, 42.036631331377031 ], [ -72.759599111662013, 42.036885499980976 ], [ -72.759225052207142, 42.037259559435846 ], [ -72.759081183186041, 42.037518523673832 ], [ -72.759042818113755, 42.037662392694934 ], [ -72.759085978820067, 42.037859013690444 ], [ -72.759335351789986, 42.03818991243898 ], [ -72.759484016445128, 42.038525606821558 ], [ -72.75951279024936, 42.038904461910462 ], [ -72.759426468836693, 42.039302499535509 ], [ -72.759124343892353, 42.040088983517535 ], [ -72.758472137663361, 42.041086475397186 ], [ -72.758280312301892, 42.041585221337009 ], [ -72.75825153849766, 42.042083967276831 ], [ -72.757982982991606, 42.043225328177584 ], [ -72.757925435383157, 42.043484292415577 ], [ -72.757829522702423, 42.043695300313189 ], [ -72.757465054515635, 42.044011812159617 ], [ -72.757023856184247, 42.044347506542195 ], [ -72.756457971367908, 42.044664018388616 ], [ -72.756167835508663, 42.044913391358506 ], [ -72.755976010147194, 42.04518194686456 ], [ -72.755824947675052, 42.045699875340553 ], [ -72.755450888220182, 42.046793279900932 ], [ -72.755177537080073, 42.048107283627004 ], [ -72.754966529182454, 42.048855402536738 ], [ -72.754880207769787, 42.049066410434364 ], [ -72.754827455795379, 42.049195892553357 ], [ -72.754621243531801, 42.049330170306384 ], [ -72.754386257464006, 42.049421287353077 ], [ -72.753650297520863, 42.049582715480405 ], [ -72.752235255367538, 42.049875831355024 ], [ -72.751123436532779, 42.050047657902212 ], [ -72.7502440889089, 42.050138624897784 ], [ -72.749486030612474, 42.050360988664735 ], [ -72.748869476531382, 42.050755178978875 ], [ -72.748808831867663, 42.050805716198639 ], [ -72.748389317101029, 42.051305971529523 ], [ -72.747689154531656, 42.051934199588338 ], [ -72.746854714209263, 42.052576814549269 ], [ -72.746159347273931, 42.053099538659275 ], [ -72.745775696550993, 42.053411254871662 ], [ -72.745545506117224, 42.053775723058457 ], [ -72.745432945587581, 42.054151280146854 ], [ -72.745170152044821, 42.054838586335613 ], [ -72.74481639150649, 42.05582911584294 ], [ -72.744687521596106, 42.056195510686216 ], [ -72.744581393434586, 42.056483572838857 ], [ -72.744523275631863, 42.056683194856916 ], [ -72.744515695048904, 42.056852494543122 ], [ -72.744513168187908, 42.057110234363904 ], [ -72.74450053388297, 42.057355339879749 ], [ -72.744472738412099, 42.057527166426937 ], [ -72.744399459443443, 42.057688885530176 ], [ -72.744353975945614, 42.057757110776869 ], [ -72.744227632896212, 42.057863238938367 ], [ -72.74410128984681, 42.057949152211961 ], [ -72.743873872357881, 42.058060334095437 ], [ -72.743742475586501, 42.058131086203105 ], [ -72.743580756483269, 42.058196784588795 ], [ -72.743429144823978, 42.058292805306337 ], [ -72.743252264554812, 42.058403987189813 ], [ -72.743110760339476, 42.058560652571074 ], [ -72.743034954509838, 42.058692049342454 ], [ -72.742981890429107, 42.05886134902866 ], [ -72.742923772626369, 42.059103927683516 ], [ -72.742868181684642, 42.059343979477383 ], [ -72.74278479527203, 42.059573923827301 ], [ -72.74266097908361, 42.059824083065116 ], [ -72.742534636034208, 42.060046446832068 ], [ -72.742395658679882, 42.060273864321005 ], [ -72.742231412715654, 42.060481066922023 ], [ -72.742074747334399, 42.060657947191189 ], [ -72.741907974509175, 42.060807031989491 ], [ -72.741751309127906, 42.060923267594944 ], [ -72.741637600383456, 42.060978858536679 ], [ -72.74149609616812, 42.061019288312487 ], [ -72.741296474150062, 42.061054664366324 ], [ -72.741089271549029, 42.061090040420154 ], [ -72.740861854060114, 42.06111278216904 ], [ -72.740654651459081, 42.061115309030029 ], [ -72.740503039799805, 42.061127943334967 ], [ -72.740499012615075, 42.061128496085814 ], [ -72.740295837198772, 42.061158265666826 ], [ -72.740151806122455, 42.061188587998686 ], [ -72.740033043656013, 42.061216383469549 ], [ -72.739873851413762, 42.061266920689313 ], [ -72.73971213231053, 42.061347780240936 ], [ -72.73957315495619, 42.06144127409749 ], [ -72.739434177601836, 42.061567617146899 ], [ -72.739328049440346, 42.061671218447408 ], [ -72.739219394417859, 42.061777346608906 ], [ -72.739105685673394, 42.061908743380286 ], [ -72.738933859126206, 42.06208309678847 ], [ -72.738769613161978, 42.062234708447754 ], [ -72.738506819619204, 42.062563200376196 ], [ -72.738279402130274, 42.062798198448093 ], [ -72.738132844192975, 42.062919487775517 ], [ -72.738001447421595, 42.063038250241959 ], [ -72.737928168452939, 42.063151958986424 ], [ -72.737872577511197, 42.063270721452866 ], [ -72.737842255179345, 42.063407171946217 ], [ -72.737834674596371, 42.063586579076372 ], [ -72.737882684955153, 42.063824104009257 ], [ -72.737920587869965, 42.064061628942135 ], [ -72.737915534147987, 42.06426883154316 ], [ -72.737859943206246, 42.064491195310111 ], [ -72.737758868766718, 42.064748935130893 ], [ -72.73742026939432, 42.065213877552701 ], [ -72.737132207241686, 42.065592906700914 ], [ -72.736930058362631, 42.065961828405179 ], [ -72.736606620156167, 42.066472254324772 ], [ -72.735924367689378, 42.067119130737723 ], [ -72.735252222666546, 42.067902457644031 ], [ -72.734943945626, 42.068225895850503 ], [ -72.734322337822945, 42.068908148317291 ], [ -72.73365524652209, 42.069585347062095 ], [ -72.732780952620203, 42.070484909573857 ], [ -72.732523212799407, 42.070853831278114 ], [ -72.732300849032455, 42.071222752982379 ], [ -72.732113861319348, 42.071480492803161 ], [ -72.73194203477216, 42.071798877287662 ], [ -72.731871282664486, 42.072142530382038 ], [ -72.731851067776589, 42.072390162758879 ], [ -72.731800530556825, 42.072673171189543 ], [ -72.73172977844915, 42.072925857288354 ], [ -72.731552898179984, 42.073183597109136 ], [ -72.731436662574538, 42.073446390651895 ], [ -72.731401286520708, 42.073734452804537 ], [ -72.731386125354774, 42.073931547961614 ], [ -72.731482146072324, 42.074199395226344 ], [ -72.731568059345918, 42.074426812715274 ], [ -72.731608489121726, 42.074608746706417 ], [ -72.731618596565681, 42.074785626975583 ], [ -72.731588274233829, 42.074982722132653 ], [ -72.731560478762958, 42.075093904016136 ], [ -72.731509941543209, 42.075230354509493 ], [ -72.731439189435534, 42.075427449666563 ], [ -72.731330534413047, 42.075728146124149 ], [ -72.731249674861431, 42.07595303675209 ], [ -72.731039945399417, 42.076390183703019 ], [ -72.730898441184081, 42.076688353299609 ], [ -72.730726614636893, 42.077067382447822 ], [ -72.730620486475388, 42.077390820654301 ], [ -72.730478982260053, 42.077734473748677 ], [ -72.730221242439271, 42.078123610340846 ], [ -72.729923072842681, 42.07850769321103 ], [ -72.729731031407582, 42.078790701641701 ], [ -72.729443916827805, 42.079210081601254 ], [ -72.729335261805318, 42.079336424650663 ], [ -72.729234187365776, 42.079480455726973 ], [ -72.729095210011423, 42.079594164471438 ], [ -72.728925910325231, 42.079717980659851 ], [ -72.728693439114323, 42.079851904292219 ], [ -72.728491290235283, 42.079970666758662 ], [ -72.728258819024376, 42.080102063530042 ], [ -72.728097099921129, 42.08020819169154 ], [ -72.727940434539875, 42.080324427296993 ], [ -72.727816618351468, 42.080410340570594 ], [ -72.727665006692192, 42.080534156759008 ], [ -72.727551297947727, 42.080642811781495 ], [ -72.727437589203262, 42.080796950301767 ], [ -72.727374417678561, 42.080971303709944 ], [ -72.727344095346709, 42.08114818397911 ], [ -72.727349149068672, 42.081266946445552 ], [ -72.727387051983499, 42.081486783351515 ], [ -72.727412320593345, 42.081719254562422 ], [ -72.727412320593345, 42.082012370437035 ], [ -72.727402213149404, 42.082381292141299 ], [ -72.727402213149404, 42.082639031962081 ], [ -72.727376944539515, 42.082876556894966 ], [ -72.72731629987581, 42.083199995101438 ], [ -72.727291031265935, 42.083440046895305 ], [ -72.727280923821979, 42.083624507747437 ], [ -72.727288504404939, 42.083915096761061 ], [ -72.727354202790622, 42.084175363442831 ], [ -72.727404740010385, 42.084410361514728 ], [ -72.727407266871381, 42.08460240294982 ], [ -72.727384525122488, 42.084786863801952 ], [ -72.727339041624703, 42.084953636627162 ], [ -72.727280923821979, 42.085100194564468 ], [ -72.727154580772563, 42.085234118196837 ], [ -72.727033291445139, 42.085380676134143 ], [ -72.726891787229803, 42.085532287793434 ], [ -72.726757863597442, 42.085688953174696 ], [ -72.726651735435937, 42.085820349946076 ], [ -72.726558241579383, 42.086025025686105 ], [ -72.726525392386534, 42.086176637345396 ], [ -72.726442005973837, 42.086489968107905 ], [ -72.726260071982708, 42.086879104700067 ], [ -72.726027600771801, 42.087232865238398 ], [ -72.725724377453233, 42.08761694810859 ], [ -72.725400939246754, 42.087975762368899 ], [ -72.725057286152378, 42.088248663355607 ], [ -72.724695313315848, 42.088405328736783 ], [ -72.724563916544469, 42.088448917088826 ], [ -72.724258798080143, 42.088516510620344 ], [ -72.723829231712159, 42.088536725508249 ], [ -72.723242999962935, 42.088647907391724 ], [ -72.722434404446759, 42.088991560486107 ], [ -72.721757205701948, 42.089244246584911 ], [ -72.721181081396665, 42.089608114567199 ], [ -72.720685816642998, 42.090022519769242 ], [ -72.720220874221184, 42.090477354747101 ], [ -72.719796361575192, 42.090881652505189 ], [ -72.719240452157791, 42.091356702370945 ], [ -72.718775509735991, 42.091841859680656 ], [ -72.71836110453394, 42.092276479770611 ], [ -72.718189277986752, 42.092463467483725 ], [ -72.718047773771417, 42.092615079143009 ], [ -72.717931538165971, 42.092791959412175 ], [ -72.717886054668185, 42.092978947125296 ], [ -72.717896162112126, 42.093140666228528 ], [ -72.717931538165971, 42.093337761385598 ], [ -72.71806293493735, 42.093620769816269 ], [ -72.718350997089971, 42.094110980847951 ], [ -72.71867443529645, 42.094641621655455 ], [ -72.718770456013999, 42.094803340758688 ], [ -72.718820993233763, 42.095030758247617 ], [ -72.718795724623874, 42.095313766678288 ], [ -72.718724972516199, 42.095647312328715 ], [ -72.718699703906324, 42.095965696813217 ], [ -72.71870981135028, 42.096193114302139 ], [ -72.718795724623874, 42.096486230176758 ], [ -72.71897260489304, 42.096784399773355 ], [ -72.719179807494058, 42.097011817262278 ], [ -72.719538621754353, 42.097315040580824 ], [ -72.719796361575149, 42.097653639953229 ], [ -72.719958080678381, 42.097982131881679 ], [ -72.720160229557422, 42.098512772689176 ], [ -72.72033205610461, 42.098977715110983 ], [ -72.720448291710056, 42.099483087308606 ], [ -72.720508936373776, 42.099867170178783 ], [ -72.720534204983664, 42.100286629102804 ], [ -72.720382593324373, 42.10076167896856 ], [ -72.720215820499163, 42.100999203901445 ], [ -72.720038940229998, 42.101246836278271 ], [ -72.719947973234426, 42.101489414933134 ], [ -72.719887328570707, 42.101974572242845 ], [ -72.719841845072935, 42.102373816278963 ], [ -72.719882274848743, 42.102768006593102 ], [ -72.719872167404787, 42.103238002736887 ], [ -72.71977109296526, 42.103652407938931 ], [ -72.719634642471902, 42.103970792423432 ], [ -72.719397117539032, 42.104375090181527 ], [ -72.719311204265423, 42.104637883724287 ], [ -72.719129270274138, 42.105190634565183 ], [ -72.718846261843439, 42.105690953040821 ], [ -72.718482393861152, 42.106024498691248 ], [ -72.718199385430481, 42.106499548557004 ], [ -72.718179170542584, 42.107116102638095 ], [ -72.718401534309535, 42.107581045059902 ], [ -72.71895744372695, 42.10812179331139 ], [ -72.720210766777029, 42.109041570711021 ], [ -72.720796998526268, 42.10933468658564 ], [ -72.72123161861623, 42.109425653581212 ], [ -72.721716775925941, 42.109425653581212 ], [ -72.722666875657453, 42.109137591428578 ], [ -72.723738264716403, 42.108955657437434 ], [ -72.724466000680977, 42.108798992056165 ], [ -72.725153306869728, 42.108632219230955 ], [ -72.725921472610111, 42.108313834746454 ], [ -72.726821035121873, 42.107919644432343 ], [ -72.727447696646919, 42.107565883893983 ], [ -72.728529193149811, 42.107272768019364 ], [ -72.730045309742664, 42.1069897595887 ], [ -72.731763575214558, 42.107030189364508 ], [ -72.733562700238068, 42.107272768019364 ], [ -72.736150259585003, 42.107555162055242 ], [ -72.737277233583654, 42.107631892199826 ], [ -72.7374930371153, 42.107646279101942 ], [ -72.737704045012919, 42.107699031076343 ], [ -72.737967804884946, 42.107775761220829 ], [ -72.738150038978347, 42.107895652071733 ], [ -72.738524098433217, 42.108058703628984 ], [ -72.739727802576454, 42.108471128156147 ], [ -72.740696520651866, 42.109027421704454 ], [ -72.741674829995361, 42.109732379907854 ], [ -72.742945673015114, 42.110446929379329 ], [ -72.743406053882666, 42.110749054323662 ], [ -72.743856843482121, 42.110969653489349 ], [ -72.744202129132759, 42.111343712944219 ], [ -72.744413137030378, 42.112168561998544 ], [ -72.744624144927997, 42.113012593589012 ], [ -72.744950248042471, 42.114038859272867 ], [ -72.745477767786511, 42.115295315390497 ], [ -72.746139565283571, 42.116844305184344 ], [ -72.746456077129992, 42.118091170033907 ], [ -72.746216295428169, 42.122052363748274 ], [ -72.747328882524698, 42.12459404978776 ], [ -72.748134549042874, 42.126051922534941 ], [ -72.748470243425444, 42.126857589053117 ], [ -72.748546973570029, 42.127327561188721 ], [ -72.748489425961594, 42.127749576983959 ], [ -72.748278418063975, 42.128296279264148 ], [ -72.747981088753704, 42.128737477595529 ], [ -72.747635803103051, 42.129101945782324 ], [ -72.746417712057706, 42.130483088384928 ], [ -72.745784688364864, 42.131394258851913 ], [ -72.745391446373844, 42.132545211020734 ], [ -72.745134879952815, 42.133854419112758 ], [ -72.74503896727208, 42.13437234758873 ], [ -72.744799185570244, 42.134861502260478 ], [ -72.744530630064176, 42.135235561715348 ], [ -72.744175753145456, 42.135475343417184 ], [ -72.743432429869756, 42.135671964412666 ], [ -72.74278022364075, 42.135796650897618 ], [ -72.742358207845513, 42.136127549646154 ], [ -72.741931396416248, 42.136400900786256 ], [ -72.74140867230625, 42.136679047560413 ], [ -72.741072977923679, 42.138204059184105 ], [ -72.741406076745037, 42.139793468935984 ], [ -72.742358207845555, 42.140352503232549 ], [ -72.742574011377116, 42.140774519027779 ], [ -72.742832975615102, 42.141397951452561 ], [ -72.742957662100068, 42.142520129817164 ], [ -72.742468507428313, 42.142836641663592 ], [ -72.741912213880042, 42.143047649561211 ], [ -72.7396103095424, 42.143460074088374 ], [ -72.738675160905288, 42.143747812130577 ], [ -72.737773581706378, 42.144227375534257 ], [ -72.736795272362883, 42.144850807959024 ], [ -72.736603447001414, 42.145877073642893 ], [ -72.736776089826719, 42.146769061573742 ], [ -72.737725625366025, 42.148265299393202 ], [ -72.739691835320997, 42.150862135224152 ], [ -72.740773250796281, 42.15199150703981 ], [ -72.741298372723321, 42.152267255996925 ], [ -72.741842677186497, 42.152473468260503 ], [ -72.743374882261264, 42.153382240910453 ], [ -72.744156570609249, 42.153943330092766 ], [ -72.744685942307527, 42.155212374685249 ], [ -72.746707431098002, 42.163702627605218 ], [ -72.746880490742157, 42.16547443213414 ], [ -72.746667001322194, 42.167179588324821 ], [ -72.746410518606552, 42.168140804658584 ], [ -72.745825451254078, 42.169032792589427 ], [ -72.743149610826777, 42.173082335592987 ], [ -72.74262676335151, 42.174331968200043 ], [ -72.742341015310586, 42.175791130572215 ], [ -72.742674719691948, 42.177655342587514 ], [ -72.742737062934424, 42.178437030935505 ], [ -72.742617172083499, 42.178835068560559 ], [ -72.742358207845442, 42.179127602236832 ], [ -72.742140006496797, 42.179408146827981 ], [ -72.741931396416206, 42.179986020729402 ], [ -72.741835483735457, 42.180667000762618 ], [ -72.741763549224899, 42.181266455017216 ], [ -72.741835483735457, 42.181630923204011 ], [ -72.742650741521715, 42.18267637142403 ], [ -72.743341312823034, 42.183390920895484 ], [ -72.744017497222217, 42.183918440639516 ], [ -72.744405943579181, 42.184239748119978 ], [ -72.744655316549114, 42.184594625038699 ], [ -72.744899893884991, 42.186407374704601 ], [ -72.745163653757018, 42.188009116472877 ], [ -72.745216405731412, 42.188723665944359 ], [ -72.745178040659127, 42.18932791583299 ], [ -72.744971828395549, 42.190507641806036 ], [ -72.74471765979159, 42.191816849898075 ], [ -72.744703272889453, 42.192473851761122 ], [ -72.744746433595779, 42.193087692917828 ], [ -72.744866324446704, 42.19386938126582 ], [ -72.745010193467834, 42.194871668779491 ], [ -72.744995806565697, 42.195413575425661 ], [ -72.744895098250922, 42.195840386854933 ], [ -72.744329213434625, 42.197360602844583 ], [ -72.74352354691645, 42.198214225703126 ], [ -72.742334229675322, 42.199451499284613 ], [ -72.741212051310725, 42.200257165802782 ], [ -72.740415976060632, 42.200755911742604 ], [ -72.739936412656945, 42.20110119739325 ], [ -72.739725404759355, 42.201235475146291 ], [ -72.739603116091416, 42.20138893543546 ], [ -72.739526385946832, 42.201573567345882 ], [ -72.739516794678764, 42.201885283558269 ], [ -72.739478429606478, 42.202115473992031 ], [ -72.739392108193812, 42.202278525549282 ], [ -72.739224261002519, 42.202427190204425 ], [ -72.738888566619963, 42.202719723880669 ], [ -72.738552872237378, 42.203343156305451 ], [ -72.738293907999406, 42.204024136338674 ], [ -72.738346659973786, 42.204551656082721 ], [ -72.740725294456027, 42.206469909697432 ], [ -72.741291179272366, 42.206834377884228 ], [ -72.741387091953101, 42.206987838173404 ], [ -72.741319953076598, 42.207668818206628 ], [ -72.741128127715129, 42.208311433167552 ], [ -72.740979463059972, 42.208642331916082 ], [ -72.740691725017754, 42.208891704885993 ], [ -72.740303278660804, 42.209121895319775 ], [ -72.739794941452899, 42.209323311949319 ], [ -72.739277012976927, 42.209443202800237 ], [ -72.738715923794629, 42.209486363506564 ], [ -72.738284316731324, 42.209433611532162 ], [ -72.737986987421039, 42.209457589702346 ], [ -72.737785570791502, 42.20957268491923 ], [ -72.737660884306536, 42.209774101548774 ], [ -72.737358759362237, 42.210464672850073 ], [ -72.736490749601572, 42.211323091342649 ], [ -72.736087916342484, 42.211721128967703 ], [ -72.73559876167073, 42.212042436448165 ], [ -72.734457400769955, 42.212670664506966 ], [ -72.732491190814898, 42.214253223739099 ], [ -72.73154165527562, 42.215111642231676 ], [ -72.730524980859784, 42.216018017064613 ], [ -72.72953228461418, 42.216996326408108 ], [ -72.729148633891242, 42.217519050518121 ], [ -72.729287707278317, 42.217682102075365 ], [ -72.729378824324996, 42.217912292509133 ], [ -72.729676153635296, 42.218377469010697 ], [ -72.729561058418398, 42.218823462976118 ], [ -72.729287707278303, 42.219092018482179 ], [ -72.727978499186278, 42.220041554021471 ], [ -72.727743513118469, 42.220142262336239 ], [ -72.727599644097381, 42.220295722625416 ], [ -72.727542096488932, 42.220482752352851 ], [ -72.727230380276538, 42.221039045901122 ], [ -72.726741225604783, 42.22170563903223 ], [ -72.726055449937533, 42.222295502018753 ], [ -72.724290656611998, 42.223954791395464 ], [ -72.72139839144134, 42.22644963966134 ], [ -72.719264832141448, 42.230167535290114 ], [ -72.718929137758849, 42.230711839753283 ], [ -72.717857313551661, 42.232023445662335 ], [ -72.71619083072386, 42.233224751988544 ], [ -72.715234101733529, 42.233891345119659 ], [ -72.714704184172476, 42.234246222038379 ], [ -72.714205438232653, 42.234649055297467 ], [ -72.714037591041347, 42.234802515586644 ], [ -72.713905711105355, 42.234970362777929 ], [ -72.713769035535293, 42.235147801237289 ], [ -72.713562823271701, 42.235435539279514 ], [ -72.713373395727245, 42.23576164239401 ], [ -72.713260698327375, 42.23613330403186 ], [ -72.713164785646654, 42.236409052988975 ], [ -72.712987347187294, 42.23659608271641 ], [ -72.712800317459866, 42.236749543005587 ], [ -72.712546148855907, 42.236869433856505 ], [ -72.711661354376133, 42.237183547885913 ], [ -72.71071901228791, 42.237490468464266 ], [ -72.709635198995514, 42.238082729267816 ], [ -72.708997379668631, 42.238826052543509 ], [ -72.708565772605311, 42.239694062304167 ], [ -72.708290023648217, 42.240348666350187 ], [ -72.708150950261157, 42.240681962915737 ], [ -72.708074220116558, 42.241044033285512 ], [ -72.708093402652665, 42.241461253446715 ], [ -72.708122176456897, 42.241864086705803 ], [ -72.708712039443384, 42.24242038025406 ], [ -72.709786261467627, 42.24332195945297 ], [ -72.710361737552034, 42.244070078362704 ], [ -72.710726205738851, 42.244305064430499 ], [ -72.71144555084436, 42.244477707255825 ], [ -72.711790836495013, 42.244496889791968 ], [ -72.712241626094468, 42.244679123885362 ], [ -72.71272118949814, 42.245072365876375 ], [ -72.712980153736126, 42.245321738846286 ], [ -72.713171979097595, 42.245667024496932 ], [ -72.713219935437962, 42.246117814096394 ], [ -72.713229526706044, 42.246606968768141 ], [ -72.713152796561445, 42.246961845686862 ], [ -72.712807510910807, 42.247451000358616 ], [ -72.71232794750712, 42.248170345464132 ], [ -72.711512689720877, 42.249330888901028 ], [ -72.711227349495658, 42.249762495964355 ], [ -72.711088276108597, 42.250011868934266 ], [ -72.71104751321927, 42.250294811342428 ], [ -72.711023535049094, 42.250493830154959 ], [ -72.711392798869923, 42.251357044281562 ], [ -72.71147912028259, 42.25213393699552 ], [ -72.711464733380481, 42.252455244475989 ], [ -72.711229747312686, 42.252766960688376 ], [ -72.711066695755434, 42.25290123844141 ], [ -72.710659066862306, 42.253054698730587 ], [ -72.710323372479735, 42.25316499831343 ], [ -72.709882174148348, 42.253241728458022 ], [ -72.709402610744675, 42.253280093530314 ], [ -72.708836725928336, 42.25325131972609 ], [ -72.70840032323099, 42.253208159019763 ], [ -72.70814615462703, 42.253179385215532 ], [ -72.706913676679591, 42.253678131155361 ], [ -72.706127192697579, 42.254056986244258 ], [ -72.705302343643254, 42.25512161700042 ], [ -72.704487085856996, 42.255994422395112 ], [ -72.70359509792614, 42.2571933309043 ], [ -72.7028469790164, 42.258104501371292 ], [ -72.7025856169614, 42.258735127247121 ], [ -72.701679242128449, 42.259823736173466 ], [ -72.700988670827158, 42.260629402691649 ], [ -72.699924040071025, 42.261602916401095 ], [ -72.699727419075515, 42.262051308183537 ], [ -72.699617119492672, 42.262578827927584 ], [ -72.6995427871651, 42.262821007446441 ], [ -72.699470852654542, 42.262883350688917 ], [ -72.699394122509958, 42.26292651139525 ], [ -72.699286220744128, 42.263020026258964 ], [ -72.698857011497822, 42.26334612937346 ], [ -72.698588455991754, 42.26419975223201 ], [ -72.698550090919454, 42.264813593388716 ], [ -72.698089710051931, 42.265926180485252 ], [ -72.698426603343009, 42.266662310309776 ], [ -72.698492543311019, 42.267384053232426 ], [ -72.698158047836955, 42.2681393655931 ], [ -72.697331999874123, 42.268726830762724 ], [ -72.695039686804549, 42.269254350506777 ], [ -72.691558056493861, 42.26982023532311 ], [ -72.690109775014776, 42.269465358404389 ], [ -72.689323291032736, 42.26925435050677 ], [ -72.688805362556764, 42.269158437826036 ], [ -72.687817461945187, 42.269148846557961 ], [ -72.686676101044441, 42.26927353304292 ], [ -72.68518945449307, 42.269561271085117 ], [ -72.683429456801576, 42.270318981262925 ], [ -72.682748476768353, 42.27052519352651 ], [ -72.682144226879714, 42.27061631057321 ], [ -72.681348151629621, 42.270635493109353 ], [ -72.680614419621989, 42.270630697475319 ], [ -72.680254747069199, 42.27074579269221 ], [ -72.680005374099323, 42.270932822419631 ], [ -72.679856709444181, 42.271172604121475 ], [ -72.679238072653447, 42.272453038409289 ], [ -72.67903186038987, 42.272755163353608 ], [ -72.678744122347666, 42.272903828008751 ], [ -72.678283741480129, 42.272985353787369 ], [ -72.677799382442402, 42.272851076034321 ], [ -72.677257475796239, 42.272678433209002 ], [ -72.67685464253718, 42.272395490800832 ], [ -72.676307940256976, 42.272347534460465 ], [ -72.675943472070188, 42.272429060239091 ], [ -72.675344017815604, 42.272961375617179 ], [ -72.674432847348626, 42.27373347269706 ], [ -72.673934101408804, 42.27419385356459 ], [ -72.671507510586196, 42.275133797835799 ], [ -72.670826530552986, 42.275287258124976 ], [ -72.669848221209492, 42.275239301784609 ], [ -72.668735634112949, 42.275594178703329 ], [ -72.667474382361291, 42.276428619025729 ], [ -72.667167461782938, 42.27686981735711 ], [ -72.666793402328068, 42.277325402590613 ], [ -72.666078852856586, 42.277680279509333 ], [ -72.665853458056858, 42.277852922334652 ], [ -72.665738362839974, 42.278303711934115 ], [ -72.665676019597498, 42.278658588852835 ], [ -72.665546537478505, 42.279066217745957 ], [ -72.665325938312819, 42.279262838741467 ], [ -72.664534658696752, 42.279478642273119 ], [ -72.663652262033978, 42.279665672000554 ], [ -72.663326158919475, 42.27974719777918 ], [ -72.662882562771074, 42.280260330621118 ], [ -72.662012155193352, 42.280931719386295 ], [ -72.659808561353515, 42.282744469052162 ], [ -72.659103603150101, 42.283569318106487 ], [ -72.658494557627435, 42.284538036181921 ], [ -72.658242786840518, 42.285096727547213 ], [ -72.65783995358143, 42.287604844148419 ], [ -72.657724858364546, 42.288563970955771 ], [ -72.657811179777198, 42.289551871567348 ], [ -72.657835157947403, 42.28984680306062 ], [ -72.657736847449627, 42.29075078007655 ], [ -72.657851942666511, 42.291163204603713 ], [ -72.65788551210477, 42.291316664892889 ], [ -72.65782796449632, 42.291503694620324 ], [ -72.657645730402919, 42.292007236194188 ], [ -72.657156575731193, 42.292822493980445 ], [ -72.656576304012745, 42.294064563195967 ], [ -72.656365296115126, 42.294664017450565 ], [ -72.656336522310909, 42.295287449875346 ], [ -72.655621972839398, 42.302327440641342 ], [ -72.655545242694785, 42.303363297593286 ], [ -72.655123226899548, 42.304351198204856 ], [ -72.654883445197711, 42.304689290404461 ], [ -72.653031640547738, 42.306258017109002 ], [ -72.646795608394655, 42.306065637372981 ], [ -72.641860900970812, 42.30819010325127 ], [ -72.641530002222268, 42.308415498050998 ], [ -72.641271037984296, 42.308655279752834 ], [ -72.64103125628246, 42.309058113011922 ], [ -72.640815452750786, 42.309154025692656 ], [ -72.640436597661875, 42.309245142739357 ], [ -72.639793982700965, 42.309326668517976 ], [ -72.639554200999115, 42.309365033590275 ], [ -72.639352784369592, 42.309470537539084 ], [ -72.639074637595456, 42.309662362900553 ], [ -72.638930768574326, 42.309803834104642 ], [ -72.638729351944804, 42.309921327138539 ], [ -72.638355292489933, 42.310132335036151 ], [ -72.638268971077252, 42.310446449065566 ], [ -72.638043576277525, 42.31073658492479 ], [ -72.63591671258223, 42.31290181369237 ], [ -72.635071482083276, 42.313316636036525 ], [ -72.634430066030831, 42.314398051511844 ], [ -72.634841291649494, 42.316213198994738 ], [ -72.634874861087752, 42.316731127470703 ], [ -72.634918021794078, 42.317297012287035 ], [ -72.63459191867959, 42.31831368670283 ], [ -72.634264616656537, 42.319380715276026 ], [ -72.634521183077524, 42.321457224813962 ], [ -72.635323398743196, 42.326442582681814 ], [ -72.635620582180451, 42.328221466622821 ], [ -72.637800197850154, 42.329700919723138 ], [ -72.638164666036985, 42.330127731152409 ], [ -72.63848357570042, 42.330602498922048 ], [ -72.638828861351044, 42.331554432278381 ], [ -72.639054256150771, 42.332242605762659 ], [ -72.639107008125237, 42.332669417191909 ], [ -72.639107008125222, 42.333108217706275 ], [ -72.63907943322944, 42.333650124352445 ], [ -72.639039869248677, 42.333942658028676 ], [ -72.639020686712527, 42.334067344513635 ], [ -72.638977526006201, 42.334177644096478 ], [ -72.638824065717031, 42.334429414883409 ], [ -72.638737744304365, 42.334566090453457 ], [ -72.638670605427862, 42.334724346376674 ], [ -72.638343303404781, 42.33567148409896 ], [ -72.636913005553339, 42.338136439993804 ], [ -72.636642052230258, 42.338776657137714 ], [ -72.636111779371504, 42.340128061793273 ], [ -72.634969638204879, 42.342978360987836 ], [ -72.634747274437927, 42.343574700181023 ] ] ] } },
{ "type": "Feature", "properties": { "id": "Salmon Brook Feeder" }, "geometry": { "type": "MultiLineString", "coordinates": [ [ [ -72.770718616009347, 42.002675626465049 ], [ -72.770935876478561, 42.002772853525862 ], [ -72.771077515900487, 42.002818466221058 ], [ -72.771187946636232, 42.002852075575419 ], [ -72.771355993408008, 42.002919294284126 ], [ -72.771504834834431, 42.002964906979322 ], [ -72.771780911673915, 42.003009319340315 ], [ -72.775971277961489, 42.002930097290708 ], [ -72.778957709162754, 42.002891686600009 ], [ -72.787744154658483, 42.002848474573014 ], [ -72.789364605672034, 42.002817265886826 ], [ -72.789935964696099, 42.002781255864306 ], [ -72.790857821272695, 42.002572397733672 ], [ -72.791117093434863, 42.002461966997934 ], [ -72.791387168603791, 42.002320327576008 ], [ -72.791520405687137, 42.002227901851533 ], [ -72.791675248783974, 42.002121072118051 ], [ -72.791726863149606, 42.002065856750178 ], [ -72.792170986760723, 42.001711758195363 ], [ -72.792769953468692, 42.001307245609034 ], [ -72.793634194009257, 42.000755091930344 ], [ -72.794020701584358, 42.00045020707298 ], [ -72.794347192455234, 42.000080504175074 ], [ -72.794707292680471, 41.999797225331221 ], [ -72.794908948806594, 41.999720403949844 ], [ -72.795038584887678, 41.999638781232122 ], [ -72.795153816959754, 41.99949474114203 ], [ -72.795206631659454, 41.999312290361246 ], [ -72.795297857049846, 41.999101031562439 ], [ -72.795393883776583, 41.998966594145017 ], [ -72.795542725203006, 41.998846560736609 ], [ -72.795970044136951, 41.998611295256119 ], [ -72.796138090908727, 41.998505665856719 ], [ -72.79653660182467, 41.99825599636722 ], [ -72.796786271314161, 41.998078346922775 ], [ -72.797218391584437, 41.997569405271108 ], [ -72.797732134572442, 41.99685400615698 ], [ -72.79799140673461, 41.996383475195998 ], [ -72.798356308296178, 41.995677678754539 ], [ -72.798605977785698, 41.995163935766541 ], [ -72.798908461974861, 41.994203668499289 ], [ -72.799599854407319, 41.993541084084853 ], [ -72.800012769332255, 41.993224195886647 ], [ -72.800396876239162, 41.993003334415171 ], [ -72.800742572455391, 41.992888102343102 ], [ -72.801443567560511, 41.992667240871619 ], [ -72.801779661104064, 41.992590419490242 ], [ -72.802010125248216, 41.992340750000743 ], [ -72.802024529257224, 41.992345551337081 ], [ -72.802432642845829, 41.992091080511244 ], [ -72.802706319017005, 41.991836609685414 ], [ -72.802883968461458, 41.991682966922646 ], [ -72.803056816569566, 41.991476509460178 ], [ -72.803392910113118, 41.99111160789861 ], [ -72.803412115458457, 41.99111160789861 ], [ -72.80383463305607, 41.990785117027734 ], [ -72.803921057110131, 41.990717898319019 ], [ -72.804324369362391, 41.990525844865559 ], [ -72.804948543086127, 41.990362599430121 ], [ -72.805112988855541, 41.990361399096045 ], [ -72.805264230950129, 41.990421415800249 ], [ -72.805497095762448, 41.990632674599055 ], [ -72.805889605008048, 41.990957965135841 ], [ -72.806379341314369, 41.991308462688409 ], [ -72.807286793881943, 41.991745384295037 ], [ -72.809172518727991, 41.991283255672649 ], [ -72.810756959719029, 41.990990374156127 ], [ -72.812078527545694, 41.990492235511233 ], [ -72.813058000158321, 41.990377003439164 ], [ -72.81388623067636, 41.990184949985704 ], [ -72.814515205736441, 41.990062515909123 ], [ -72.815016945383618, 41.990048111900101 ], [ -72.815569099062316, 41.990081721254455 ], [ -72.815946003964669, 41.990100926599787 ], [ -72.816187271115567, 41.990153741299494 ], [ -72.816418935593802, 41.990229362346781 ], [ -72.816506559981946, 41.990272574373819 ], [ -72.816600186040503, 41.990342193750699 ], [ -72.816770633480445, 41.990503038517971 ], [ -72.816923075909131, 41.990666283953409 ], [ -72.817069516667388, 41.990798320702666 ], [ -72.818843610443722, 41.991687768258984 ], [ -72.820000732500844, 41.992256726614869 ], [ -72.827005882215701, 41.994724613491805 ] ] ] } }
]
}
